id_in_round,period,iid,Tr_match,duration,ori_time,IP,round1_q1,round1_q2,round1_q3,round1_q4,round1_q5,round1_q6,round2_q1,round2_q2,round2_q3,round2_q4,round2_q5,round2_q6,info_aware,round3_q1,round3_q2,round3_q3,round3_q4,round3_q5,round3_q6,bulbs,cost_aware,weight_price,weight_life,weight_cost,weight_warmth,weight_hg1,weight_hg2,cost_attention,six_1,six_2,six_3,six_4,six_5,six_6,six_7,six_8,six_9,six_10,six_11,six_12,six_13,six_14,six_15,six_16,six_17,six_18,six_19,six_20,six_21,six_22,six_23,six_24,six_25,six_26,six_27,six_28,six_29,six_30,six_31,risk,income,age,gender,occupation,marriage,kids,degree,Tr,post_dummy,eng_prov,eng_town,follow_dummy,fresh_dummy,receive_type,in_use,recommend,high.WTP,price_aware,act_purchase,relation,act_label,act_Eemode,act_TVoff,act_lightoff,act_EEcar,factor_6_ordered,X,switch_1,switch_2,switch_3,info_Tr,belief.in.CC,men.resp.CC,impacts.CC,urgency.CC,civil.CC,habits.CC,purchase.CC,taxes.CC,coop.CC,standards.CC,test.1,test.2,test.3,self.1,self.2,self.3,belief.in.CC.1,men.resp.CC.1,impacts.CC.1,urgency.CC.1,civil.CC.1,habits.CC.1,purchase.CC.1,taxes.CC.1,coop.CC.1,standards.CC.1,pm_0,pm_0_max,pm_daylight,pm_hour,pm_365mean
1,2,1269,CT1,183,2012/2/16 9:21,219.148.139.166,1,1,-3,1,-3,-3,NA,NA,NA,NA,NA,NA,2,NA,NA,NA,NA,NA,NA,1,4,NA,NA,NA,NA,NA,NA,NA,5,2,2,1,3,3,2,3,2,2,1,2,2,1,2,2,1,2,1,1,2,2,2,2,1,2,2,2,2,2,1,10,11,4,2,9,3,2,4,NA,0,zhejiang,wenzhou,0,1,NA,NA,NA,30,35,1,NA,1,2,2,1,2,2,NA,30,NA,NA,,5,3,23,14,3,3,11,7,3,10,NA,NA,NA,NA,NA,NA,4,2,23,14,3,3,11,7,3,10,42.41666667,54,41.7,54,38.1749628
2,2,1270,CT1,149,2012/2/16 9:25,222.77.76.75,1,1,-3,1,-3,-3,NA,NA,NA,NA,NA,NA,1,NA,NA,NA,NA,NA,NA,3,3,NA,NA,NA,NA,NA,NA,NA,4,2,2,2,1,3,1,2,1,2,1,3,2,1,2,1,2,1,1,2,1,2,1,1,2,1,2,1,2,1,2,7,12,5,1,12,3,2,4,NA,0,fujian,quanzhou,0,1,NA,NA,NA,15,10,1,NA,2,1,1,2,1,2,NA,30,NA,NA,,5,1,29,12,4,3,11,7,4,10,NA,NA,NA,NA,NA,NA,4,1,29,12,4,3,11,7,4,10,27.375,42,35,27,25.55530633
3,2,1271,CT1,402,2012/2/16 9:27,221.223.69.104,1,2,-3,-3,2,-3,NA,NA,NA,NA,NA,NA,2,NA,NA,NA,NA,NA,NA,2,2,NA,NA,NA,NA,NA,NA,NA,1,2,1,1,2,3,3,3,2,2,2,2,1,1,1,1,4,4,1,2,1,1,2,1,1,3,3,3,3,3,3,10,23,6,1,15,3,2,4,NA,1,beijing,xicheng,0,1,NA,NA,NA,16,30,1,NA,1,1,1,1,1,3,NA,18,NA,NA,,6,3,26,17,3,4,11,2,4,12,NA,NA,NA,NA,NA,NA,5,2,26,17,3,4,11,2,4,12,92.29166667,185,73.2,42,71.75283127
4,2,1272,CT1,281,2012/2/16 9:28,125.91.210.170,1,1,-3,1,-3,-3,NA,NA,NA,NA,NA,NA,1,NA,NA,NA,NA,NA,NA,1,1,NA,NA,NA,NA,NA,NA,NA,1,2,1,1,2,1,1,1,2,2,1,1,1,1,2,2,2,2,1,1,2,2,1,1,1,2,2,1,1,4,4,10,9,4,2,9,3,2,4,NA,0,guangdong,guangzhou,0,1,NA,NA,NA,30,50,1,NA,1,1,1,2,1,3,NA,30,NA,NA,,6,3,33,16,4,3,11,6,3,11,NA,NA,NA,NA,NA,NA,5,2,33,16,4,3,11,6,3,11,57.79166667,68,56.2,60,33.95323489
5,2,1273,CT1,438,2012/2/16 9:29,61.153.196.154,1,2,-3,-3,2,-3,NA,NA,NA,NA,NA,NA,3,NA,NA,NA,NA,NA,NA,2,2,NA,NA,NA,NA,NA,NA,NA,2,2,1,1,2,1,1,1,1,1,1,1,2,2,2,2,2,2,2,2,2,2,2,2,2,2,2,2,2,2,2,10,23,3,2,14,3,2,4,NA,1,zhejiang,taizhou,0,1,NA,NA,NA,10,30,1,NA,1,1,1,1,1,1,NA,18,NA,NA,,6,3,34,14,3,3,9,6,3,9,NA,NA,NA,NA,NA,NA,5,2,34,14,3,3,9,6,3,9,53.875,96,35.8,73,55.34168711
6,2,1274,CT1,217,2012/2/16 9:30,218.22.21.14,2,-3,1,-3,-3,1,NA,NA,NA,NA,NA,NA,3,NA,NA,NA,NA,NA,NA,1,4,NA,NA,NA,NA,NA,NA,NA,4,2,2,1,2,2,2,2,1,2,2,2,2,2,1,2,1,2,1,2,2,1,2,1,2,2,1,1,2,1,2,10,25,4,1,6,3,2,4,NA,1,anhui,hefei,0,1,NA,NA,NA,22,8,1,NA,2,2,1,2,2,2,NA,14,NA,NA,,5,3,27,13,3,4,10,7,3,10,NA,NA,NA,NA,NA,NA,4,2,27,13,3,4,10,7,3,10,91.75,141,69.5,126,59.39586691
7,2,1275,CT1,557,2012/2/16 9:30,14.120.86.77,2,-3,1,-3,-3,2,NA,NA,NA,NA,NA,NA,1,NA,NA,NA,NA,NA,NA,2,2,NA,NA,NA,NA,NA,NA,NA,1,2,1,1,1,2,1,1,1,1,1,1,2,1,1,2,2,3,1,1,2,1,1,1,1,4,4,3,2,4,3,8,12,3,1,9,2,1,4,NA,1,guangdong,dongguan,0,1,NA,NA,NA,8,20,1,NA,2,1,2,1,2,6,NA,10,NA,NA,,6,3,35,20,4,4,11,5,3,11,NA,NA,NA,NA,NA,NA,5,2,35,20,4,4,11,5,3,11,65.375,73,65.3,64,33.70536405
8,2,1276,CT1,497,2012/2/16 9:33,27.155.37.148,1,2,-3,-3,2,-3,NA,NA,NA,NA,NA,NA,2,NA,NA,NA,NA,NA,NA,2,1,NA,NA,NA,NA,NA,NA,NA,1,1,1,1,3,5,3,3,2,2,1,2,2,2,1,1,1,4,2,2,3,3,3,3,2,2,2,1,2,2,3,6,38,4,1,9,3,2,3,NA,1,fujian,zhangzhou,0,1,NA,NA,NA,16,16,1,NA,2,3,3,3,2,1,NA,18,NA,NA,,7,3,24,12,2,2,8,5,4,10,NA,NA,NA,NA,NA,NA,6,2,24,12,2,2,8,5,4,10,32.04166667,52,28.8,43,33.44773727
9,2,1277,CT1,1096,2012/2/16 9:35,183.204.40.26,2,-3,1,-3,-3,1,NA,NA,NA,NA,NA,NA,2,NA,NA,NA,NA,NA,NA,2,1,NA,NA,NA,NA,NA,NA,NA,1,1,1,1,2,3,3,3,2,2,1,2,2,1,2,1,2,2,1,1,2,1,2,2,1,4,4,3,2,4,2,7,7,5,1,15,3,2,2,NA,1,henan,anyang,0,1,NA,NA,NA,30,25,2,NA,-3,-3,-3,-3,-3,3,NA,14,NA,NA,,7,3,27,18,3,4,11,6,4,10,NA,NA,NA,NA,NA,NA,6,2,27,18,3,4,11,6,4,10,163.9583333,225,169.8,161,82.47740176
10,2,1278,CT1,505,2012/2/16 9:38,117.68.38.80,1,1,-3,2,-3,-3,NA,NA,NA,NA,NA,NA,1,NA,NA,NA,NA,NA,NA,1,1,NA,NA,NA,NA,NA,NA,NA,1,2,1,1,2,2,2,3,1,2,2,1,1,2,2,1,2,2,1,1,2,1,2,2,1,3,3,3,2,3,3,9,9,6,1,11,3,2,4,NA,1,anhui,hefei,0,1,NA,NA,NA,20,25,1,NA,1,2,1,1,1,3,NA,26,NA,NA,,6,3,29,17,3,4,11,6,4,10,NA,NA,NA,NA,NA,NA,5,2,29,17,3,4,11,6,4,10,91.75,141,69.5,126,59.39586691
11,2,1279,CT1,111,2012/2/16 9:41,157.61.209.41,1,1,-3,1,-3,-3,NA,NA,NA,NA,NA,NA,3,NA,NA,NA,NA,NA,NA,2,2,NA,NA,NA,NA,NA,NA,NA,4,3,3,1,3,2,3,4,4,3,3,2,2,3,3,2,2,1,2,2,1,1,2,2,1,1,2,1,1,2,2,8,1,3,1,6,2,1,3,NA,0,guangdong,chaozhou,0,1,NA,NA,NA,20,30,1,NA,2,1,1,2,2,2,NA,30,NA,NA,,3,3,18,13,3,4,10,7,3,7,NA,NA,NA,NA,NA,NA,3,2,18,13,3,4,10,7,3,7,38.29166667,58,34.1,38,31.7664287
12,2,1280,CT1,230,2012/2/16 9:43,61.133.133.207,1,2,-3,-3,1,-3,NA,NA,NA,NA,NA,NA,1,NA,NA,NA,NA,NA,NA,1,3,NA,NA,NA,NA,NA,NA,NA,3,2,2,1,2,3,2,2,3,3,1,2,2,2,3,3,1,1,2,2,3,3,1,2,2,3,1,2,2,3,1,9,12,5,1,14,3,2,4,NA,0,anhui,hefei,0,1,NA,NA,NA,100,85,1,NA,2,1,1,2,2,1,NA,22,NA,NA,,5,3,25,13,4,2,8,8,2,8,NA,NA,NA,NA,NA,NA,4,2,25,13,4,2,8,8,2,8,91.75,141,69.5,126,59.39586691
13,2,1281,CT1,825,2012/2/16 9:44,58.51.54.132,2,-3,2,-3,-3,-3,NA,NA,NA,NA,NA,NA,3,NA,NA,NA,NA,NA,NA,2,4,NA,NA,NA,NA,NA,NA,NA,2,2,1,2,2,1,3,3,3,2,2,2,2,2,2,2,2,3,2,2,2,2,2,2,2,3,3,2,2,2,3,6,28,6,1,14,3,2,3,NA,1,hubei,xiangyang,0,1,NA,NA,NA,8,8,2,NA,-3,-3,-3,-3,-3,1,NA,6,NA,NA,,6,1,26,15,3,3,9,5,3,9,NA,NA,NA,NA,NA,NA,5,1,26,15,3,3,9,5,3,9,138.4166667,243,153.8,107,62.59731971
14,2,1282,CT1,331,2012/2/16 9:49,111.0.235.247,1,2,-3,-3,2,-3,NA,NA,NA,NA,NA,NA,1,NA,NA,NA,NA,NA,NA,2,2,NA,NA,NA,NA,NA,NA,NA,1,1,3,1,2,1,3,3,2,2,1,1,1,1,2,1,1,2,2,1,2,2,2,1,1,2,2,2,1,2,2,7,9,3,2,7,1,1,4,NA,0,zhejiang,hangzhou,0,1,NA,NA,NA,16,40,1,NA,1,2,2,1,2,4,NA,18,NA,NA,,5,3,29,16,3,3,10,7,4,11,NA,NA,NA,NA,NA,NA,5,2,29,16,3,3,10,7,4,11,85.08333333,151,65.3,111,48.73882468
15,2,1283,CT1,254,2012/2/16 9:54,111.200.217.66,1,1,-3,1,-3,-3,NA,NA,NA,NA,NA,NA,2,NA,NA,NA,NA,NA,NA,2,1,NA,NA,NA,NA,NA,NA,NA,3,2,1,1,2,1,3,3,2,2,2,2,1,2,2,2,2,2,1,1,2,1,3,1,1,4,2,2,2,3,2,8,16,4,2,6,3,2,4,NA,0,beijing,haidian,0,1,NA,NA,NA,30,29,1,NA,2,2,1,1,2,3,NA,30,NA,NA,,6,3,26,17,2,4,11,6,3,10,NA,NA,NA,NA,NA,NA,5,2,26,17,2,4,11,6,3,10,92.29166667,185,73.2,42,71.75283127
16,2,1284,CT1,386,2012/2/16 9:55,115.207.198.136,1,2,-3,-3,2,-3,NA,NA,NA,NA,NA,NA,2,NA,NA,NA,NA,NA,NA,1,2,NA,NA,NA,NA,NA,NA,NA,1,2,1,1,2,4,1,2,1,2,1,1,1,1,2,2,1,1,1,1,2,1,2,2,1,3,3,2,2,3,3,8,1,4,1,9,3,2,4,NA,0,zhejiang,hangzhou,0,1,NA,NA,NA,20,18,1,NA,1,1,1,1,1,4,NA,18,NA,NA,,6,3,30,17,3,4,11,8,3,11,NA,NA,NA,NA,NA,NA,5,2,30,17,3,4,11,8,3,11,85.08333333,151,65.3,111,48.73882468
17,2,1285,CT1,697,2012/2/16 9:57,221.235.155.189,2,-3,2,-3,-3,-3,NA,NA,NA,NA,NA,NA,2,NA,NA,NA,NA,NA,NA,2,1,NA,NA,NA,NA,NA,NA,NA,2,2,3,1,3,3,2,2,1,2,1,3,3,3,2,2,3,2,1,2,2,1,3,3,2,3,2,4,3,2,1,6,12,3,2,15,3,2,4,NA,0,hubei,wuhan,0,1,NA,NA,NA,100,200,2,NA,-3,-3,-3,-3,-3,1,NA,6,NA,NA,,4,3,28,12,2,4,10,5,3,7,NA,NA,NA,NA,NA,NA,4,2,28,12,2,4,10,5,3,7,100.25,143,88.1,120,58.67905804
18,2,1286,CT1,1544,2012/2/16 10:05,1.80.1.27,1,2,-3,-3,2,-3,NA,NA,NA,NA,NA,NA,2,NA,NA,NA,NA,NA,NA,2,1,NA,NA,NA,NA,NA,NA,NA,2,1,1,1,2,4,1,1,1,1,1,1,1,1,1,1,1,4,1,1,1,1,1,1,1,3,4,4,3,3,2,2,7,3,1,10,3,1,4,NA,1,shaanxi,xian,0,1,NA,NA,NA,19,28,1,NA,1,2,1,1,1,6,NA,18,NA,NA,,7,3,31,19,4,4,12,5,4,12,NA,NA,NA,NA,NA,NA,6,2,31,19,4,4,12,5,4,12,204.6666667,228,201.5,192,66.84015701
19,2,1287,CT1,497,2012/2/16 10:05,60.25.232.32,1,1,-3,2,-3,-3,NA,NA,NA,NA,NA,NA,2,NA,NA,NA,NA,NA,NA,1,1,NA,NA,NA,NA,NA,NA,NA,2,2,1,1,2,4,3,3,2,2,2,2,2,2,3,2,3,3,1,1,2,2,3,2,2,3,4,2,2,3,3,2,7,3,2,9,3,1,4,NA,1,tianjin,tianjin,0,1,NA,NA,NA,25,40,2,NA,-3,-3,-3,-3,-3,3,NA,26,NA,NA,,6,3,24,16,2,3,11,4,3,8,NA,NA,NA,NA,NA,NA,5,2,24,16,2,3,11,4,3,8,119.625,280,111.3,97,68.61440629
20,2,1288,CT1,708,2012/2/16 10:06,112.83.74.217,1,1,-3,2,-3,-3,NA,NA,NA,NA,NA,NA,4,NA,NA,NA,NA,NA,NA,2,1,NA,NA,NA,NA,NA,NA,NA,2,2,2,1,2,5,3,3,3,3,2,2,2,2,3,2,2,3,2,2,2,2,3,2,2,2,2,2,2,2,2,4,36,4,1,9,3,2,4,NA,0,jiangsu,zhenjiang,0,1,NA,NA,NA,25,18,2,NA,-3,-3,-3,-3,-3,1,NA,26,NA,NA,,5,3,21,13,2,3,9,5,3,8,NA,NA,NA,NA,NA,NA,4,2,21,13,2,3,9,5,3,8,46,71,30.2,25,52.4726847
21,2,1289,CT1,1468,2012/2/16 10:07,124.131.127.181,1,2,-3,-3,2,-3,NA,NA,NA,NA,NA,NA,3,NA,NA,NA,NA,NA,NA,1,2,NA,NA,NA,NA,NA,NA,NA,4,3,1,2,3,3,1,2,1,3,2,3,4,2,3,2,3,2,2,1,2,2,3,3,2,1,2,2,1,2,3,7,9,4,1,10,3,2,4,NA,1,shandong,yantai,0,1,NA,NA,NA,20,15,1,NA,2,1,2,2,3,1,NA,18,NA,NA,,5,1,25,10,2,3,10,5,3,6,NA,NA,NA,NA,NA,NA,4,1,25,10,2,3,10,5,3,6,43.33333333,98,34.9,40,41.0097722
22,2,1290,CT1,1188,2012/2/16 10:08,218.203.158.89,1,2,-3,-3,1,-3,NA,NA,NA,NA,NA,NA,2,NA,NA,NA,NA,NA,NA,2,2,NA,NA,NA,NA,NA,NA,NA,2,2,1,1,2,1,3,3,3,3,3,2,2,2,1,2,2,2,2,2,2,1,2,2,2,2,2,3,3,2,3,9,33,5,1,12,3,2,4,NA,0,ningxia,yinchuan,0,1,NA,NA,NA,18,20,1,NA,1,2,1,1,1,1,NA,22,NA,NA,,6,3,24,13,3,4,9,6,3,10,NA,NA,NA,NA,NA,NA,5,2,24,13,3,4,9,6,3,10,77.66666667,112,80.3,81,48.8130891
23,2,1291,CT1,232,2012/2/16 10:14,183.62.158.101,1,2,-3,-3,2,-3,NA,NA,NA,NA,NA,NA,1,NA,NA,NA,NA,NA,NA,1,2,NA,NA,NA,NA,NA,NA,NA,4,2,2,1,1,1,2,3,2,2,3,2,2,3,2,3,2,2,2,3,3,3,3,2,2,2,3,2,3,2,2,7,16,4,1,8,3,3,5,NA,1,hainan,haikou,0,1,NA,NA,NA,10,8,1,NA,2,1,2,2,2,1,NA,18,NA,NA,,5,3,26,14,2,2,7,6,2,8,NA,NA,NA,NA,NA,NA,4,2,26,14,2,2,7,6,2,8,50.5,64,48.2,49,19.03871637
24,2,1292,CT1,232,2012/2/16 10:15,220.170.145.36,1,1,-3,2,-3,-3,NA,NA,NA,NA,NA,NA,3,NA,NA,NA,NA,NA,NA,1,3,NA,NA,NA,NA,NA,NA,NA,5,2,2,2,4,5,2,1,2,3,3,2,4,3,2,1,2,3,1,2,3,4,3,2,3,4,3,3,2,1,2,7,16,4,1,10,3,2,4,NA,0,anhui,hefei,0,1,NA,NA,NA,200,500,1,NA,1,2,3,2,2,1,NA,26,NA,NA,,5,1,19,15,2,1,9,5,4,6,NA,NA,NA,NA,NA,NA,4,1,19,15,2,1,9,5,4,6,91.75,141,69.5,119,59.39586691
25,2,1293,CT1,486,2012/2/16 10:15,115.238.96.58,2,-3,2,-3,-3,-3,NA,NA,NA,NA,NA,NA,4,NA,NA,NA,NA,NA,NA,1,4,NA,NA,NA,NA,NA,NA,NA,1,1,1,1,1,2,2,2,2,2,2,1,1,1,1,1,1,1,1,1,1,1,1,1,1,3,1,3,2,2,3,10,16,4,1,10,3,2,4,NA,0,zhejiang,hangzhou,0,1,NA,NA,NA,40,40,1,NA,2,1,1,1,2,6,NA,6,NA,NA,,7,3,30,16,4,4,12,8,4,12,NA,NA,NA,NA,NA,NA,6,2,30,16,4,4,12,8,4,12,85.08333333,151,65.3,97,48.73882468
26,2,1294,CT1,162,2012/2/16 10:17,218.104.71.166,2,-3,1,-3,-3,2,NA,NA,NA,NA,NA,NA,1,NA,NA,NA,NA,NA,NA,2,3,NA,NA,NA,NA,NA,NA,NA,5,2,2,1,2,2,2,2,1,2,2,2,1,2,2,1,2,2,1,1,2,2,1,1,2,2,1,1,2,2,1,10,17,4,2,4,3,2,4,NA,1,anhui,hefei,0,1,NA,NA,NA,20,12,1,NA,2,1,1,2,1,2,NA,10,NA,NA,,5,3,26,13,4,3,11,6,4,10,NA,NA,NA,NA,NA,NA,4,2,26,13,4,3,11,6,4,10,91.75,141,69.5,119,59.39586691
27,2,1295,CT1,184,2012/2/16 10:25,221.193.198.9,1,1,-3,1,-3,-3,NA,NA,NA,NA,NA,NA,1,NA,NA,NA,NA,NA,NA,2,4,NA,NA,NA,NA,NA,NA,NA,4,2,2,2,3,3,2,2,2,2,1,2,3,2,2,3,3,2,3,3,2,2,3,2,2,3,2,3,2,2,3,6,1,4,1,6,3,2,4,NA,0,hebei,handan,0,1,NA,NA,NA,24,24,1,NA,2,2,1,2,1,1,NA,30,NA,NA,,5,1,25,14,2,3,7,5,2,8,NA,NA,NA,NA,NA,NA,4,1,25,14,2,3,7,5,2,8,186.875,253,170.4,177,76.8708923
28,2,1296,CT1,2418,2012/2/16 10:26,113.103.5.198,2,-3,1,-3,-3,1,NA,NA,NA,NA,NA,NA,1,NA,NA,NA,NA,NA,NA,1,3,NA,NA,NA,NA,NA,NA,NA,3,2,1,1,2,4,2,2,2,2,2,2,2,2,2,2,2,3,2,2,2,2,2,2,2,2,2,3,2,2,2,8,7,2,2,6,1,1,4,NA,1,guangdong,guangzhou,0,1,NA,NA,NA,15,18,1,NA,1,2,1,1,2,1,NA,14,NA,NA,,6,3,25,13,3,3,9,5,3,9,NA,NA,NA,NA,NA,NA,5,2,25,13,3,3,9,5,3,9,57.79166667,68,56.2,60,33.95323489
29,2,1297,CT1,1239,2012/2/16 10:29,58.245.222.70,2,-3,2,-3,-3,-3,NA,NA,NA,NA,NA,NA,4,NA,NA,NA,NA,NA,NA,2,4,NA,NA,NA,NA,NA,NA,NA,2,1,1,1,1,1,1,1,1,1,1,2,2,3,1,2,1,3,2,2,2,1,3,2,2,3,4,4,2,4,3,2,34,4,1,9,3,3,4,NA,0,jilin,changchun,0,1,NA,NA,NA,5,12,1,NA,1,2,2,1,3,1,NA,6,NA,NA,,7,3,35,16,2,4,9,6,3,9,NA,NA,NA,NA,NA,NA,6,2,35,16,2,4,9,6,3,9,44.91666667,85,48.3,49,47.22477256
30,2,1298,CT1,369,2012/2/16 10:31,58.16.202.82,1,1,-3,1,-3,-3,NA,NA,NA,NA,NA,NA,1,NA,NA,NA,NA,NA,NA,2,1,NA,NA,NA,NA,NA,NA,NA,4,2,2,1,3,5,2,2,1,1,2,2,2,2,1,2,2,1,2,1,2,2,2,2,3,2,2,2,2,3,2,7,7,4,1,6,3,2,4,NA,0,anhui,wuhu,0,1,NA,NA,NA,30,20,1,NA,2,1,2,2,2,1,NA,30,NA,NA,,5,3,24,12,3,3,10,7,3,10,NA,NA,NA,NA,NA,NA,4,2,24,12,3,3,10,7,3,10,107.2916667,165,88.2,130,54.7450634
31,2,1299,CT1,346,2012/2/16 10:35,124.207.44.242,1,2,-3,-3,2,-3,NA,NA,NA,NA,NA,NA,2,NA,NA,NA,NA,NA,NA,1,1,NA,NA,NA,NA,NA,NA,NA,3,2,2,1,2,3,2,2,2,3,2,2,1,1,2,1,1,2,1,1,1,1,2,1,1,3,3,4,1,3,4,8,16,3,1,14,3,2,5,NA,1,beijing,beijing,0,1,NA,NA,NA,15,15,1,NA,1,1,1,1,1,4,NA,18,NA,NA,,5,3,25,17,3,4,12,7,4,11,NA,NA,NA,NA,NA,NA,4,2,25,17,3,4,12,7,4,11,92.29166667,185,73.2,47,71.75283127
32,2,1300,CT1,275,2012/2/16 10:38,116.231.99.221,2,-3,1,-3,-3,1,NA,NA,NA,NA,NA,NA,2,NA,NA,NA,NA,NA,NA,2,1,NA,NA,NA,NA,NA,NA,NA,3,2,2,1,3,1,2,2,1,3,1,2,1,2,2,3,3,3,1,1,2,1,2,2,1,3,4,3,2,4,4,4,16,4,2,11,3,2,4,NA,1,shanghai,shanghai,0,1,NA,NA,NA,12,18,1,NA,1,1,1,2,1,3,NA,14,NA,NA,,5,3,28,17,3,4,11,4,2,10,NA,NA,NA,NA,NA,NA,4,2,28,17,3,4,11,4,2,10,29.625,56,22.5,31,47.08044154
33,2,1301,CT1,1433,2012/2/16 10:38,223.96.157.14,1,1,-3,1,-3,-3,NA,NA,NA,NA,NA,NA,2,NA,NA,NA,NA,NA,NA,1,1,NA,NA,NA,NA,NA,NA,NA,3,2,2,1,2,4,3,3,3,2,1,2,1,2,1,1,2,2,1,1,1,1,2,2,1,2,4,4,3,4,4,10,16,5,2,14,3,2,4,NA,1,shandong,zaozhuang,0,1,NA,NA,NA,28,20,1,NA,1,2,1,1,1,3,NA,30,NA,NA,,5,3,23,16,3,4,12,6,4,11,NA,NA,NA,NA,NA,NA,4,2,23,16,3,4,12,6,4,11,123.25,167,107,134,79.41738703
34,2,1302,CT1,239,2012/2/16 10:52,222.134.129.208,1,2,-3,-3,2,-3,NA,NA,NA,NA,NA,NA,4,NA,NA,NA,NA,NA,NA,2,4,NA,NA,NA,NA,NA,NA,NA,2,2,2,1,2,3,2,2,3,2,3,2,2,1,3,2,2,1,2,1,2,2,3,2,1,2,3,2,1,2,3,7,12,2,1,5,1,1,4,NA,0,shandong,jinan,0,1,NA,NA,NA,23,30,1,NA,1,1,2,1,2,1,NA,18,NA,NA,,5,3,25,15,2,3,10,7,3,9,NA,NA,NA,NA,NA,NA,4,2,25,15,2,3,10,7,3,9,124.5833333,178,134.7,178,78.48297485
35,2,1303,CT1,1139,2012/2/16 10:53,14.127.120.25,1,1,-3,1,-3,-3,NA,NA,NA,NA,NA,NA,1,NA,NA,NA,NA,NA,NA,1,1,NA,NA,NA,NA,NA,NA,NA,1,1,1,1,2,5,2,2,2,2,1,1,1,2,1,1,1,2,1,1,2,1,3,2,1,3,4,3,3,4,4,8,36,4,1,10,3,3,2,NA,1,guangdong,shenzhen,0,1,NA,NA,NA,30,50,1,NA,1,2,1,1,1,4,NA,30,NA,NA,,7,3,27,18,2,4,11,7,4,11,NA,NA,NA,NA,NA,NA,6,2,27,18,2,4,11,7,4,11,61.20833333,71,58.2,59,25.70618857
36,2,1304,CT1,258,2012/2/16 10:57,222.92.237.195,1,2,-3,-3,2,-3,NA,NA,NA,NA,NA,NA,3,NA,NA,NA,NA,NA,NA,1,2,NA,NA,NA,NA,NA,NA,NA,2,2,1,1,2,4,2,3,2,2,1,2,2,1,2,2,3,2,1,2,1,2,3,2,1,3,3,3,3,2,3,4,16,3,1,6,3,2,5,NA,0,jiangsu,suzhou,0,1,NA,NA,NA,40,30,1,NA,1,2,1,1,2,3,NA,18,NA,NA,,6,3,26,16,2,3,11,5,3,10,NA,NA,NA,NA,NA,NA,5,2,26,16,2,3,11,5,3,10,45.79166667,75,31.2,34,47.33817053
37,2,1305,CT1,371,2012/2/16 11:03,125.86.92.224,1,2,-3,-3,2,-3,NA,NA,NA,NA,NA,NA,2,NA,NA,NA,NA,NA,NA,2,2,NA,NA,NA,NA,NA,NA,NA,3,2,1,1,2,5,3,3,3,2,1,2,1,2,1,2,1,3,1,2,1,1,2,1,2,4,3,3,2,3,1,5,38,2,2,9,1,1,4,NA,0,chongqing,nanan,0,1,NA,NA,NA,18,20,1,NA,1,2,1,2,1,3,NA,18,NA,NA,,6,3,22,17,3,4,11,6,3,11,NA,NA,NA,NA,NA,NA,5,2,22,17,3,4,11,6,3,11,64.375,96,66.7,96,51.95258117
38,2,1306,CT1,394,2012/2/16 11:13,218.59.235.194,1,2,-3,-3,2,-3,NA,NA,NA,NA,NA,NA,2,NA,NA,NA,NA,NA,NA,2,1,NA,NA,NA,NA,NA,NA,NA,2,2,1,1,3,4,2,2,1,1,1,2,1,1,1,1,1,1,1,1,1,2,2,2,1,3,4,3,2,4,3,5,16,4,1,9,3,2,4,NA,0,shandong,jining,0,1,NA,NA,NA,18,18,1,NA,1,2,1,1,2,4,NA,18,NA,NA,,6,3,28,17,3,3,12,8,4,12,NA,NA,NA,NA,NA,NA,5,2,28,17,3,3,12,8,4,12,136.4583333,251,101,108,71.06028395
39,2,1307,CT1,1422,2012/2/16 11:14,14.109.66.183,1,1,-3,1,-3,-3,NA,NA,NA,NA,NA,NA,2,NA,NA,NA,NA,NA,NA,1,1,NA,NA,NA,NA,NA,NA,NA,2,1,1,1,2,4,4,4,3,3,2,2,1,2,2,3,2,3,1,1,2,3,2,2,2,3,2,3,2,3,4,3,7,2,2,8,3,2,3,NA,1,chongqing,hechuan,0,1,NA,NA,NA,100,60,2,NA,-3,-3,-3,-3,-3,3,NA,30,NA,NA,,7,3,20,14,3,2,11,5,2,10,NA,NA,NA,NA,NA,NA,6,2,20,14,3,2,11,5,2,10,64.375,96,66.7,96,51.95258117
40,2,1308,CT1,524,2012/2/16 11:28,123.15.38.115,2,-3,1,-3,-3,1,NA,NA,NA,NA,NA,NA,3,NA,NA,NA,NA,NA,NA,2,3,NA,NA,NA,NA,NA,NA,NA,3,2,2,1,2,3,2,3,2,3,2,2,2,3,3,2,2,3,2,2,2,2,2,2,2,3,2,2,2,1,2,7,9,5,1,10,3,2,4,NA,1,henan,zhengzhou,0,1,NA,NA,NA,15,12,1,NA,1,2,2,1,1,1,NA,14,NA,NA,,5,3,24,14,3,3,9,5,3,7,NA,NA,NA,NA,NA,NA,4,2,24,14,3,3,9,5,3,7,193.9166667,261,198.5,253,77.55436581
41,2,1309,CT1,304,2012/2/16 11:30,124.88.67.52,1,1,-3,1,-3,-3,NA,NA,NA,NA,NA,NA,3,NA,NA,NA,NA,NA,NA,1,3,NA,NA,NA,NA,NA,NA,NA,5,2,2,2,2,4,3,2,1,3,2,2,2,4,3,4,3,1,3,1,1,3,2,1,2,2,3,2,1,3,2,8,27,4,2,4,3,3,5,NA,0,xinjiang,wulumuqi,0,1,NA,NA,NA,15,10,1,NA,1,1,2,3,3,1,NA,30,NA,NA,,5,1,22,15,3,2,10,6,1,6,NA,NA,NA,NA,NA,NA,4,1,22,15,3,2,10,6,1,6,302.625,424,309.1,209,79.95392534
42,2,1310,CT1,155,2012/2/16 11:32,124.173.120.109,2,-3,1,-3,-3,2,NA,NA,NA,NA,NA,NA,4,NA,NA,NA,NA,NA,NA,2,2,NA,NA,NA,NA,NA,NA,NA,3,3,1,2,2,2,3,4,3,4,4,2,3,2,2,3,3,3,2,3,2,3,3,2,2,2,2,3,3,2,2,6,36,3,1,6,3,3,4,NA,0,hubei,shiyan,0,1,NA,NA,NA,7,10,1,NA,3,2,1,3,2,1,NA,10,NA,NA,,5,1,19,13,2,2,8,4,2,8,NA,NA,NA,NA,NA,NA,4,1,19,13,2,2,8,4,2,8,88.79166667,126,104.1,84,46.82708011
43,2,1311,CT1,268,2012/2/16 11:36,183.207.95.140,1,2,-3,-3,2,-3,NA,NA,NA,NA,NA,NA,1,NA,NA,NA,NA,NA,NA,2,1,NA,NA,NA,NA,NA,NA,NA,2,2,1,1,2,1,2,2,2,2,1,2,2,2,2,2,1,2,1,1,2,2,3,2,2,3,3,3,2,3,3,8,7,4,1,11,3,1,4,NA,1,jiangsu,wuxi,0,1,NA,NA,NA,20,20,2,NA,-3,-3,-3,-3,-3,3,NA,18,NA,NA,,6,3,30,15,2,3,11,7,3,9,NA,NA,NA,NA,NA,NA,5,2,30,15,2,3,11,7,3,9,55.95833333,80,36.8,40,54.76908275
44,2,1312,CT1,397,2012/2/16 11:40,59.34.217.126,1,2,-3,-3,2,-3,NA,NA,NA,NA,NA,NA,2,NA,NA,NA,NA,NA,NA,1,1,NA,NA,NA,NA,NA,NA,NA,1,2,1,1,2,1,2,2,1,2,1,2,1,1,2,2,3,4,1,2,2,3,3,2,2,3,4,3,3,4,1,10,23,3,1,11,3,2,4,NA,0,guangdong,guangzhou,0,1,NA,NA,NA,10,9,1,NA,1,1,2,1,1,3,NA,18,NA,NA,,6,3,32,16,2,2,10,3,3,11,NA,NA,NA,NA,NA,NA,5,2,32,16,2,2,10,3,3,11,57.79166667,68,56.2,58,33.95323489
45,2,1313,CT1,162,2012/2/16 11:48,124.173.125.119,1,2,-3,-3,2,-3,NA,NA,NA,NA,NA,NA,3,NA,NA,NA,NA,NA,NA,1,4,NA,NA,NA,NA,NA,NA,NA,4,2,2,2,3,2,3,2,2,3,3,3,4,3,4,4,3,3,3,3,3,4,4,3,3,3,3,3,4,4,4,8,26,4,1,10,3,2,5,NA,0,henan,hengyang,0,1,NA,NA,NA,16,15,1,NA,2,1,2,2,2,1,NA,18,NA,NA,,5,1,22,12,1,1,6,4,1,4,NA,NA,NA,NA,NA,NA,4,1,22,12,1,1,6,4,1,4,95.95833333,136,96.9,102,49.411532
46,2,1314,CT1,497,2012/2/16 11:49,223.147.155.225,2,-3,2,-3,-3,-3,NA,NA,NA,NA,NA,NA,2,NA,NA,NA,NA,NA,NA,2,4,NA,NA,NA,NA,NA,NA,NA,3,3,2,2,3,5,4,3,3,3,3,2,1,2,1,2,2,2,1,2,2,3,2,2,2,3,2,3,2,2,2,8,38,5,1,6,3,2,3,NA,0,henan,hengyang,0,1,NA,NA,NA,10,15,1,NA,1,2,1,1,1,1,NA,6,NA,NA,,4,1,17,14,3,2,10,6,3,11,NA,NA,NA,NA,NA,NA,3,1,17,14,3,2,10,6,3,11,95.95833333,136,96.9,102,49.411532
47,2,1315,CT1,561,2012/2/16 11:59,218.69.15.118,1,2,-3,-3,2,-3,NA,NA,NA,NA,NA,NA,1,NA,NA,NA,NA,NA,NA,1,1,NA,NA,NA,NA,NA,NA,NA,1,1,1,1,1,2,2,2,1,1,1,2,1,1,1,1,2,3,1,1,1,1,2,3,1,1,4,4,1,4,4,9,12,3,1,6,3,2,4,NA,1,tianjin,tianjin,0,1,NA,NA,NA,20,18,1,NA,1,1,1,2,1,6,NA,18,NA,NA,,7,3,33,14,3,4,12,5,4,12,NA,NA,NA,NA,NA,NA,6,2,33,14,3,4,12,5,4,12,119.625,280,111.3,108,68.61440629
48,2,1316,CT1,1120,2012/2/16 12:04,219.130.242.189,2,-3,2,-3,-3,-3,NA,NA,NA,NA,NA,NA,1,NA,NA,NA,NA,NA,NA,2,1,NA,NA,NA,NA,NA,NA,NA,1,1,1,1,2,5,3,3,3,2,2,2,2,2,2,2,2,2,1,1,2,1,2,2,1,2,2,2,2,2,2,4,16,4,1,8,3,2,4,NA,1,guangdong,guangzhou,0,1,NA,NA,NA,15,15,1,NA,1,1,1,1,2,3,NA,6,NA,NA,,7,3,23,14,3,4,11,6,3,9,NA,NA,NA,NA,NA,NA,6,2,23,14,3,4,11,6,3,9,57.79166667,68,56.2,57,33.95323489
49,2,1317,CT1,259,2012/2/16 12:15,124.64.98.204,2,-3,1,-3,-3,2,NA,NA,NA,NA,NA,NA,2,NA,NA,NA,NA,NA,NA,2,2,NA,NA,NA,NA,NA,NA,NA,1,2,1,1,2,3,2,2,2,1,1,1,1,2,2,2,1,1,1,2,2,1,2,2,1,2,3,3,2,3,2,7,12,4,2,11,3,2,4,NA,0,beijing,beijing,0,1,NA,NA,NA,10,20,2,NA,-3,-3,-3,-3,-3,4,NA,10,NA,NA,,6,3,30,16,3,4,10,8,3,10,NA,NA,NA,NA,NA,NA,5,2,30,16,3,4,10,8,3,10,92.29166667,185,73.2,58,71.75283127
50,2,1318,CT1,561,2012/2/16 12:22,111.193.117.73,2,-3,2,-3,-3,-3,NA,NA,NA,NA,NA,NA,1,NA,NA,NA,NA,NA,NA,2,4,NA,NA,NA,NA,NA,NA,NA,1,1,1,1,1,1,2,2,3,1,2,1,1,2,1,2,2,2,1,1,2,2,1,1,2,1,2,3,3,4,4,4,31,3,1,10,3,2,5,NA,0,beijing,beijing,0,1,NA,NA,NA,8,70,1,NA,1,2,2,1,1,6,NA,6,NA,NA,,7,3,31,14,4,3,11,6,3,11,NA,NA,NA,NA,NA,NA,6,2,31,14,4,3,11,6,3,11,92.29166667,185,73.2,58,71.75283127
51,2,1319,CT1,149,2012/2/16 12:23,124.173.119.26,1,1,-3,2,-3,-3,NA,NA,NA,NA,NA,NA,3,NA,NA,NA,NA,NA,NA,2,4,NA,NA,NA,NA,NA,NA,NA,3,2,2,2,2,3,2,3,3,2,2,2,2,2,1,2,2,3,3,2,3,2,3,2,3,3,3,3,2,2,2,7,38,4,2,3,3,3,4,NA,0,guangxi,liuzhou,0,1,NA,NA,NA,25,10,1,NA,2,2,2,2,2,1,NA,26,NA,NA,,5,1,24,14,2,3,7,5,3,10,NA,NA,NA,NA,NA,NA,4,1,24,14,2,3,7,5,3,10,48.29166667,81,43.8,40,41.50475826
52,2,1320,CT1,152,2012/2/16 12:25,125.93.83.81,2,-3,2,-3,-3,-3,NA,NA,NA,NA,NA,NA,1,NA,NA,NA,NA,NA,NA,2,4,NA,NA,NA,NA,NA,NA,NA,4,2,2,1,2,4,2,2,1,2,2,2,2,2,1,2,2,1,2,2,1,2,2,2,2,2,1,2,2,2,1,6,9,3,1,7,3,3,4,NA,0,guangdong,guangzhou,0,1,NA,NA,NA,1250,185,1,NA,2,1,1,2,1,2,NA,6,NA,NA,,5,3,25,12,3,3,10,7,3,10,NA,NA,NA,NA,NA,NA,4,2,25,12,3,3,10,7,3,10,57.79166667,68,56.2,57,33.95323489
53,2,1321,CT1,456,2012/2/16 12:32,183.162.33.112,2,-3,2,-3,-3,-3,NA,NA,NA,NA,NA,NA,2,NA,NA,NA,NA,NA,NA,2,2,NA,NA,NA,NA,NA,NA,NA,2,2,1,1,2,4,2,2,2,1,1,2,2,2,2,2,2,2,2,2,2,1,2,2,2,3,3,3,3,2,3,8,29,4,1,14,3,2,3,NA,1,anhui,hefei,0,1,NA,NA,NA,20,35,1,NA,2,1,1,1,2,3,NA,6,NA,NA,,6,3,28,15,3,4,9,6,3,9,NA,NA,NA,NA,NA,NA,5,2,28,15,3,4,9,6,3,9,91.75,141,69.5,76,59.39586691
54,2,1322,CT1,203,2012/2/16 12:35,218.244.198.7,2,-3,2,-3,-3,-3,NA,NA,NA,NA,NA,NA,1,NA,NA,NA,NA,NA,NA,2,2,NA,NA,NA,NA,NA,NA,NA,5,2,2,1,1,3,2,3,1,1,2,2,2,1,2,2,1,2,1,2,1,1,2,2,1,1,2,2,1,2,1,9,13,4,1,10,3,2,4,NA,1,heilongjiang,daqing,0,1,NA,NA,NA,20,20,1,NA,1,1,1,1,1,2,NA,6,NA,NA,,5,3,26,13,3,4,11,7,3,10,NA,NA,NA,NA,NA,NA,4,2,26,13,3,4,11,7,3,10,30.20833333,51,35.6,37,36.35994754
55,2,1323,CT1,694,2012/2/16 12:36,183.233.153.70,1,1,-3,2,-3,-3,NA,NA,NA,NA,NA,NA,2,NA,NA,NA,NA,NA,NA,3,2,NA,NA,NA,NA,NA,NA,NA,1,1,1,1,2,5,2,2,2,2,2,1,2,2,1,2,2,2,1,1,2,1,2,1,1,2,2,2,2,2,2,8,16,4,2,11,3,2,2,NA,0,guangdong,guangzhou,0,1,NA,NA,NA,25,20,1,NA,1,1,1,1,1,4,NA,26,NA,NA,,7,3,26,16,3,4,11,6,3,10,NA,NA,NA,NA,NA,NA,6,2,26,16,3,4,11,6,3,10,57.79166667,68,56.2,57,33.95323489
56,2,1324,CT1,186,2012/2/16 12:45,111.19.35.185,2,-3,2,-3,-3,-3,NA,NA,NA,NA,NA,NA,3,NA,NA,NA,NA,NA,NA,2,4,NA,NA,NA,NA,NA,NA,NA,5,1,1,1,1,3,2,1,1,2,2,1,1,1,2,1,1,1,1,1,2,2,1,1,1,2,1,1,2,1,1,9,16,3,1,11,3,2,4,NA,0,beijing,beijing,0,1,NA,NA,NA,20,15,1,NA,2,1,1,2,2,2,NA,6,NA,NA,,7,3,27,15,4,3,11,8,4,11,NA,NA,NA,NA,NA,NA,6,2,27,15,4,3,11,8,4,11,92.29166667,185,73.2,58,71.75283127
57,2,1325,CT1,125,2012/2/16 12:48,123.182.95.201,2,-3,1,-3,-3,1,NA,NA,NA,NA,NA,NA,1,NA,NA,NA,NA,NA,NA,1,2,NA,NA,NA,NA,NA,NA,NA,2,3,3,2,2,3,3,3,2,3,4,2,2,2,3,1,2,3,3,2,2,1,4,3,2,2,3,2,3,2,2,6,1,2,2,9,1,1,2,NA,0,hebei,chengde,0,1,NA,NA,NA,20,50,2,NA,-3,-3,-3,-3,-3,1,NA,14,NA,NA,,3,1,22,13,1,4,8,5,4,8,NA,NA,NA,NA,NA,NA,3,1,22,13,1,4,8,5,4,8,49.08333333,81,45.5,32,39.33596631
58,2,1326,CT1,628,2012/2/16 13:00,110.184.46.114,2,-3,2,-3,-3,-3,NA,NA,NA,NA,NA,NA,2,NA,NA,NA,NA,NA,NA,2,1,NA,NA,NA,NA,NA,NA,NA,1,2,3,1,2,2,2,2,2,3,2,2,1,2,2,1,1,2,1,2,2,2,3,2,1,2,3,2,3,3,2,7,33,2,2,5,1,1,3,NA,1,sichuan,chengdu,0,1,NA,NA,NA,20,40,2,NA,-3,-3,-3,-3,-3,3,NA,6,NA,NA,,4,3,28,15,2,3,10,7,4,10,NA,NA,NA,NA,NA,NA,4,2,28,15,2,3,10,7,4,10,145,172,149.8,155,58.37454001
59,2,1327,CT1,473,2012/2/16 13:03,125.91.244.127,2,-3,1,-3,-3,2,NA,NA,NA,NA,NA,NA,4,NA,NA,NA,NA,NA,NA,2,4,NA,NA,NA,NA,NA,NA,NA,2,2,1,1,2,5,2,2,2,2,1,2,2,1,3,2,2,3,1,3,2,1,3,2,2,3,3,3,2,2,2,6,1,2,2,1,1,1,4,NA,1,guangdong,jieyang,0,1,NA,NA,NA,8,15,1,NA,2,3,3,1,2,3,NA,10,NA,NA,,6,3,26,15,2,4,9,5,3,9,NA,NA,NA,NA,NA,NA,5,2,26,15,2,4,9,5,3,9,44.20833333,56,38.3,31,37.81521339
60,2,1328,CT1,941,2012/2/16 13:15,49.80.103.205,1,1,-3,1,-3,-3,NA,NA,NA,NA,NA,NA,1,NA,NA,NA,NA,NA,NA,1,1,NA,NA,NA,NA,NA,NA,NA,1,2,1,1,2,1,2,3,2,1,2,1,2,1,2,2,1,2,1,1,2,1,2,2,1,3,4,3,2,4,3,5,16,4,1,11,3,2,4,NA,0,jiangsu,nanjing,0,1,NA,NA,NA,20,15,1,NA,1,2,1,2,1,4,NA,30,NA,NA,,6,3,30,18,3,4,11,7,3,10,NA,NA,NA,NA,NA,NA,5,2,30,18,3,4,11,7,3,10,49.16666667,131,28.6,27,50.13507478
61,2,1329,CT1,581,2012/2/16 13:20,60.174.134.187,1,2,-3,-3,2,-3,NA,NA,NA,NA,NA,NA,2,NA,NA,NA,NA,NA,NA,2,1,NA,NA,NA,NA,NA,NA,NA,3,2,2,1,3,5,4,4,3,3,2,2,2,2,3,2,2,3,1,1,1,1,3,3,2,2,3,2,4,4,2,6,9,5,2,14,3,2,4,NA,1,anhui,maanshan,0,1,NA,NA,NA,16,8,2,NA,-3,-3,-3,-3,-3,1,NA,18,NA,NA,,5,3,17,13,2,4,12,5,3,8,NA,NA,NA,NA,NA,NA,4,2,17,13,2,4,12,5,3,8,62.625,130,41.1,35,52.55369212
62,2,1330,CT1,362,2012/2/16 13:21,111.175.187.21,2,-3,2,-3,-3,-3,NA,NA,NA,NA,NA,NA,3,NA,NA,NA,NA,NA,NA,2,3,NA,NA,NA,NA,NA,NA,NA,2,2,1,1,2,1,2,2,2,2,1,2,2,2,2,1,1,1,2,2,2,2,1,2,1,2,2,2,1,2,2,9,7,5,2,12,4,2,4,NA,1,hubei,wuhan,0,1,NA,NA,NA,3,38,1,NA,2,2,1,1,1,3,NA,6,NA,NA,,6,3,30,14,4,3,9,8,4,9,NA,NA,NA,NA,NA,NA,5,2,30,14,4,3,9,8,4,9,100.25,143,88.1,92,58.67905804
63,2,1331,CT1,14463,2012/2/16 13:23,221.195.30.27,2,-3,1,-3,-3,2,NA,NA,NA,NA,NA,NA,4,NA,NA,NA,NA,NA,NA,2,3,NA,NA,NA,NA,NA,NA,NA,3,2,1,1,2,4,2,2,3,2,2,2,2,2,1,2,2,1,1,2,1,2,1,2,2,1,2,2,1,2,2,8,7,4,2,10,3,3,4,NA,1,hebei,cangzhou,0,1,NA,NA,NA,10,20,1,NA,1,2,1,1,1,2,NA,10,NA,NA,,6,3,24,12,4,3,11,7,3,10,NA,NA,NA,NA,NA,NA,5,2,24,12,4,3,11,7,3,10,147.3333333,296,157,92,68.26887995
64,2,1332,CT1,631,2012/2/16 13:24,58.38.249.136,1,1,-3,1,-3,-3,NA,NA,NA,NA,NA,NA,1,NA,NA,NA,NA,NA,NA,2,1,NA,NA,NA,NA,NA,NA,NA,1,1,1,1,1,1,3,2,1,1,1,1,2,1,1,1,1,1,1,2,2,2,2,1,1,1,1,1,1,1,1,10,7,4,1,6,3,2,2,NA,1,shanghai,shanghai,0,1,NA,NA,NA,25,30,2,NA,-3,-3,-3,-3,-3,5,NA,30,NA,NA,,7,3,33,14,3,3,10,8,4,11,NA,NA,NA,NA,NA,NA,6,2,33,14,3,3,10,8,4,11,29.625,56,22.5,18,47.08044154
65,2,1333,CT1,128,2012/2/16 13:25,39.90.40.2,2,-3,2,-3,-3,-3,NA,NA,NA,NA,NA,NA,1,NA,NA,NA,NA,NA,NA,2,3,NA,NA,NA,NA,NA,NA,NA,1,1,1,1,3,1,2,3,1,4,2,1,2,3,1,4,2,3,2,3,1,4,3,2,3,1,4,2,3,1,4,6,28,2,1,6,1,1,4,NA,1,shandong,liaocheng,0,1,NA,NA,NA,5,9,1,NA,2,1,3,2,1,1,NA,6,NA,NA,,7,3,27,14,2,1,9,5,1,9,NA,NA,NA,NA,NA,NA,6,2,27,14,2,1,9,5,1,9,158.25,226,190.1,207,90.07755521
66,2,1334,CT1,131,2012/2/16 13:28,124.173.127.211,1,2,-3,-3,2,-3,NA,NA,NA,NA,NA,NA,1,NA,NA,NA,NA,NA,NA,2,4,NA,NA,NA,NA,NA,NA,NA,3,2,1,1,2,1,2,1,3,2,1,2,1,2,1,2,1,2,2,2,1,2,2,2,2,2,2,1,2,2,2,6,34,3,1,10,3,2,4,NA,0,guangdong,shenzhen,0,1,NA,NA,NA,15,10,1,NA,2,1,1,2,2,2,NA,18,NA,NA,,6,3,29,13,3,3,10,7,3,11,NA,NA,NA,NA,NA,NA,5,2,29,13,3,3,10,7,3,11,61.20833333,71,58.2,57,25.70618857
67,2,1335,CT1,855,2012/2/16 13:28,116.226.242.169,2,-3,1,-3,-3,2,NA,NA,NA,NA,NA,NA,2,NA,NA,NA,NA,NA,NA,2,1,NA,NA,NA,NA,NA,NA,NA,1,2,1,1,3,5,3,3,3,2,1,3,2,1,2,2,1,2,2,1,2,1,3,2,1,3,4,3,2,3,4,8,7,4,1,6,3,2,3,NA,1,shanghai,shanghai,0,1,NA,NA,NA,15,20,1,NA,1,2,1,1,2,3,NA,10,NA,NA,,6,3,23,16,2,4,10,7,3,10,NA,NA,NA,NA,NA,NA,5,2,23,16,2,4,10,7,3,10,29.625,56,22.5,18,47.08044154
68,2,1336,CT1,730,2012/2/16 13:30,113.214.202.213,1,2,-3,-3,1,-3,NA,NA,NA,NA,NA,NA,2,NA,NA,NA,NA,NA,NA,2,1,NA,NA,NA,NA,NA,NA,NA,1,1,1,1,2,1,2,2,2,2,1,2,1,1,2,2,1,3,1,1,1,2,3,2,2,3,3,4,2,3,2,9,38,3,1,12,3,2,5,NA,1,zhejiang,huzhou,0,1,NA,NA,NA,22,12,1,NA,2,2,3,1,1,4,NA,22,NA,NA,,7,3,31,15,2,3,12,6,3,11,NA,NA,NA,NA,NA,NA,6,2,31,15,2,3,12,6,3,11,70.04166667,113,59.7,61,62.64382275
69,2,1337,CT1,869,2012/2/16 13:38,27.186.238.86,1,2,-3,-3,2,-3,NA,NA,NA,NA,NA,NA,2,NA,NA,NA,NA,NA,NA,2,1,NA,NA,NA,NA,NA,NA,NA,1,2,1,1,2,1,1,1,2,2,2,2,2,2,2,2,2,2,2,2,2,2,2,2,2,3,3,2,3,2,3,8,16,3,2,7,2,1,4,NA,1,hebei,baoding,0,1,NA,NA,NA,16,180,1,NA,1,1,1,1,1,1,NA,18,NA,NA,,6,3,32,15,3,3,9,6,3,9,NA,NA,NA,NA,NA,NA,5,2,32,15,3,3,9,6,3,9,161,225,184.1,190,94.74664955
70,2,1338,CT1,490,2012/2/16 13:51,182.150.147.213,1,2,-3,-3,1,-3,NA,NA,NA,NA,NA,NA,1,NA,NA,NA,NA,NA,NA,2,3,NA,NA,NA,NA,NA,NA,NA,1,2,2,1,2,4,2,2,1,1,1,2,2,3,2,1,2,3,1,2,1,3,2,2,1,2,3,3,2,2,4,7,9,3,2,11,3,2,3,NA,1,sichuan,chengdu,0,1,NA,NA,NA,20,100,1,NA,1,2,1,1,1,3,NA,22,NA,NA,,5,3,30,15,3,2,11,5,4,8,NA,NA,NA,NA,NA,NA,4,2,30,15,3,2,11,5,4,8,145,172,149.8,155,58.37454001
71,2,1339,CT1,312,2012/2/16 13:51,59.44.37.42,2,-3,2,-3,-3,-3,NA,NA,NA,NA,NA,NA,2,NA,NA,NA,NA,NA,NA,2,4,NA,NA,NA,NA,NA,NA,NA,4,2,2,1,2,3,3,3,3,2,2,2,2,3,2,3,2,3,3,2,3,2,3,3,3,2,3,3,2,3,3,8,10,6,2,6,3,2,3,NA,1,liaoning,shenyang,0,1,NA,NA,NA,10,15,2,NA,-3,-3,-3,-3,-3,1,NA,6,NA,NA,,5,3,22,12,2,3,7,5,2,8,NA,NA,NA,NA,NA,NA,4,2,22,12,2,3,7,5,2,8,55.08333333,135,70.1,51,53.7036735
72,2,1340,CT1,270,2012/2/16 13:53,110.198.148.116,2,-3,2,-3,-3,-3,NA,NA,NA,NA,NA,NA,4,NA,NA,NA,NA,NA,NA,2,4,NA,NA,NA,NA,NA,NA,NA,4,2,2,1,2,2,2,2,3,3,3,2,2,2,2,2,2,2,2,2,2,2,2,2,2,2,2,2,2,2,2,10,35,2,1,11,1,1,3,NA,0,henan,zhengzhou,0,1,NA,NA,NA,10,15,1,NA,1,1,1,1,1,1,NA,6,NA,NA,,5,3,23,13,3,3,9,6,3,9,NA,NA,NA,NA,NA,NA,4,2,23,13,3,3,9,6,3,9,193.9166667,261,198.5,222,77.55436581
73,2,1341,CT1,645,2012/2/16 13:57,180.104.4.64,1,1,-3,2,-3,-3,NA,NA,NA,NA,NA,NA,1,NA,NA,NA,NA,NA,NA,1,1,NA,NA,NA,NA,NA,NA,NA,3,2,1,1,2,4,4,4,2,3,2,2,1,1,1,1,3,3,2,1,2,1,2,1,2,2,2,2,2,3,3,7,7,6,1,10,3,2,3,NA,1,jiangsu,xuzhou,0,1,NA,NA,NA,5,8,1,NA,2,2,2,1,1,3,NA,26,NA,NA,,6,3,20,14,3,4,10,4,4,12,NA,NA,NA,NA,NA,NA,5,2,20,14,3,4,10,4,4,12,125.0416667,213,93.5,80,58.20100576
74,2,1342,CT1,883,2012/2/16 14:00,1.95.70.57,2,-3,1,-3,-3,2,NA,NA,NA,NA,NA,NA,4,NA,NA,NA,NA,NA,NA,2,3,NA,NA,NA,NA,NA,NA,NA,3,2,1,1,2,3,2,2,1,3,2,2,1,2,1,2,1,2,2,2,1,1,2,2,1,2,3,3,2,3,2,8,9,3,2,9,1,1,4,NA,0,beijing,beijing,0,1,NA,NA,NA,10,15,2,NA,-3,-3,-3,-3,-3,2,NA,10,NA,NA,,6,3,26,15,3,4,10,7,3,11,NA,NA,NA,NA,NA,NA,5,2,26,15,3,4,10,7,3,11,92.29166667,185,73.2,65,71.75283127
75,2,1343,CT1,464,2012/2/16 14:02,122.231.108.173,2,-3,2,-3,-3,-3,NA,NA,NA,NA,NA,NA,3,NA,NA,NA,NA,NA,NA,2,3,NA,NA,NA,NA,NA,NA,NA,1,2,1,1,3,4,3,4,3,4,3,2,2,2,2,2,1,1,1,2,2,2,4,3,2,2,3,2,2,2,3,5,7,5,1,15,3,2,1,NA,0,zhejiang,jiaxing,0,1,NA,NA,NA,10,20,2,NA,-3,-3,-3,-3,-3,1,NA,6,NA,NA,,6,3,19,13,1,3,10,8,3,9,NA,NA,NA,NA,NA,NA,5,2,19,13,1,3,10,8,3,9,47.54166667,99,33.3,30,47.06635708
76,2,1344,CT1,470,2012/2/16 14:05,175.147.94.102,1,1,-3,1,-3,-3,NA,NA,NA,NA,NA,NA,1,NA,NA,NA,NA,NA,NA,1,3,NA,NA,NA,NA,NA,NA,NA,2,2,1,1,2,3,1,1,1,2,2,1,1,1,2,1,1,2,1,1,2,2,1,2,1,2,1,2,1,1,2,9,19,3,2,8,3,2,4,NA,0,beijing,beijing,0,1,NA,NA,NA,38,35,1,NA,2,1,1,1,2,2,NA,30,NA,NA,,6,3,30,14,4,3,11,7,4,11,NA,NA,NA,NA,NA,NA,5,2,30,14,4,3,11,7,4,11,92.29166667,185,73.2,65,71.75283127
77,2,1345,CT1,223,2012/2/16 14:07,123.160.97.46,1,1,-3,1,-3,-3,NA,NA,NA,NA,NA,NA,2,NA,NA,NA,NA,NA,NA,2,4,NA,NA,NA,NA,NA,NA,NA,2,2,3,2,2,3,2,2,2,2,2,2,2,2,2,3,3,3,2,2,2,2,2,2,2,2,2,3,3,2,2,6,7,3,2,6,3,2,3,NA,0,henan,shangqiu,0,1,NA,NA,NA,30,40,2,NA,-3,-3,-3,-3,-3,1,NA,30,NA,NA,,4,1,27,13,3,3,9,4,2,9,NA,NA,NA,NA,NA,NA,4,1,27,13,3,3,9,4,2,9,158.625,228,143.9,142,78.93330656
78,2,1346,CT1,3125,2012/2/16 14:08,183.21.151.79,1,1,-3,1,-3,-3,NA,NA,NA,NA,NA,NA,4,NA,NA,NA,NA,NA,NA,2,1,NA,NA,NA,NA,NA,NA,NA,3,2,2,1,2,3,2,2,2,3,2,2,2,2,3,3,2,2,2,2,3,3,2,2,2,2,3,2,2,3,2,6,1,4,2,13,3,2,5,NA,0,beijing,beijing,0,1,NA,NA,NA,32,23,1,NA,1,1,2,2,2,1,NA,30,NA,NA,,5,3,25,14,3,2,8,6,2,8,NA,NA,NA,NA,NA,NA,4,2,25,14,3,2,8,6,2,8,92.29166667,185,73.2,65,71.75283127
79,2,1347,CT1,405,2012/2/16 14:09,183.204.100.48,2,-3,1,-3,-3,2,NA,NA,NA,NA,NA,NA,1,NA,NA,NA,NA,NA,NA,1,1,NA,NA,NA,NA,NA,NA,NA,1,1,1,1,1,1,2,2,2,2,1,1,1,1,1,1,1,1,1,1,1,1,2,1,1,4,4,2,2,3,3,6,19,4,2,14,3,2,4,NA,0,henan,zhengzhou,0,1,NA,NA,NA,15,15,1,NA,2,2,1,1,1,6,NA,10,NA,NA,,7,3,32,20,3,4,12,8,4,12,NA,NA,NA,NA,NA,NA,6,2,32,20,3,4,12,8,4,12,193.9166667,261,198.5,196,77.55436581
80,2,1348,CT1,291,2012/2/16 14:10,218.56.46.119,2,-3,2,-3,-3,-3,NA,NA,NA,NA,NA,NA,3,NA,NA,NA,NA,NA,NA,1,1,NA,NA,NA,NA,NA,NA,NA,4,3,2,2,2,4,1,2,3,3,2,2,2,3,1,2,1,2,3,1,1,2,2,2,1,3,3,1,2,1,2,8,7,3,1,11,3,2,4,NA,0,shandong,jinan,0,1,NA,NA,NA,15,10,1,NA,1,2,1,2,2,2,NA,6,NA,NA,,4,1,23,16,3,3,10,7,3,9,NA,NA,NA,NA,NA,NA,3,1,23,16,3,3,10,7,3,9,124.5833333,178,134.7,117,78.48297485
81,2,1349,CT1,1122,2012/2/16 14:12,42.199.57.142,2,-3,2,-3,-3,-3,NA,NA,NA,NA,NA,NA,2,NA,NA,NA,NA,NA,NA,3,2,NA,NA,NA,NA,NA,NA,NA,2,1,1,1,3,4,3,3,2,2,2,2,2,2,2,1,1,3,2,2,1,2,1,1,2,4,3,2,1,3,3,6,22,4,1,2,1,1,3,NA,1,guangdong,foshan,0,1,NA,NA,NA,8,28,2,NA,-3,-3,-3,-3,-3,1,NA,6,NA,NA,,7,3,23,17,4,3,10,6,4,9,NA,NA,NA,NA,NA,NA,6,2,23,17,4,3,10,6,4,9,68.54166667,78,67.6,69,36.2960914
82,2,1350,CT1,372,2012/2/16 14:15,211.96.19.57,2,-3,1,-3,-3,1,NA,NA,NA,NA,NA,NA,2,NA,NA,NA,NA,NA,NA,2,2,NA,NA,NA,NA,NA,NA,NA,1,2,1,1,2,4,3,3,3,2,1,1,1,2,3,2,1,3,1,1,2,1,3,3,2,2,2,3,2,1,3,6,7,2,1,15,1,1,2,NA,0,guangdong,foshan,0,1,NA,NA,NA,15,100,2,NA,-3,-3,-3,-3,-3,3,NA,14,NA,NA,,6,3,25,13,2,4,11,6,3,9,NA,NA,NA,NA,NA,NA,5,2,25,13,2,4,11,6,3,9,68.54166667,78,67.6,69,36.2960914
83,2,1351,CT1,276,2012/2/16 14:21,180.173.32.142,2,-3,1,-3,-3,2,NA,NA,NA,NA,NA,NA,2,NA,NA,NA,NA,NA,NA,2,4,NA,NA,NA,NA,NA,NA,NA,2,2,1,1,1,3,2,2,2,2,2,1,1,1,1,1,1,1,1,1,1,1,1,1,1,1,1,1,1,1,1,8,7,3,2,14,3,2,3,NA,0,shanghai,shanghai,0,1,NA,NA,NA,8,8,1,NA,1,1,1,1,1,5,NA,10,NA,NA,,6,3,28,14,4,4,12,8,4,12,NA,NA,NA,NA,NA,NA,5,2,28,14,4,4,12,8,4,12,29.625,56,22.5,20,47.08044154
84,2,1352,CT1,246,2012/2/16 14:27,218.56.144.35,1,1,-3,1,-3,-3,NA,NA,NA,NA,NA,NA,2,NA,NA,NA,NA,NA,NA,1,4,NA,NA,NA,NA,NA,NA,NA,5,2,1,1,2,3,3,4,3,3,4,2,1,2,2,1,1,1,1,2,2,1,1,1,2,2,1,2,1,2,1,8,18,4,1,10,3,2,4,NA,0,shandong,jinan,0,1,NA,NA,NA,48,28,1,NA,1,2,2,1,1,2,NA,30,NA,NA,,6,3,17,13,4,4,10,8,4,10,NA,NA,NA,NA,NA,NA,5,2,17,13,4,4,10,8,4,10,124.5833333,178,134.7,117,78.48297485
85,2,1353,CT1,432,2012/2/16 14:29,112.237.17.9,2,-3,2,-3,-3,-3,NA,NA,NA,NA,NA,NA,2,NA,NA,NA,NA,NA,NA,2,4,NA,NA,NA,NA,NA,NA,NA,4,1,1,1,3,4,2,1,2,3,2,2,3,2,1,3,2,2,2,1,3,2,3,2,3,1,2,1,2,1,2,7,7,4,1,6,3,2,4,NA,0,anhui,hefei,0,1,NA,NA,NA,8,5,1,NA,1,2,1,2,2,2,NA,6,NA,NA,,7,3,23,11,2,3,9,6,2,9,NA,NA,NA,NA,NA,NA,6,2,23,11,2,3,9,6,2,9,91.75,141,69.5,45,59.39586691
86,2,1354,CT1,1549,2012/2/16 14:32,106.226.17.249,1,2,-3,-3,2,-3,NA,NA,NA,NA,NA,NA,3,NA,NA,NA,NA,NA,NA,2,1,NA,NA,NA,NA,NA,NA,NA,3,2,2,1,2,1,2,3,2,2,2,2,2,2,1,2,2,2,1,1,2,2,1,2,2,2,2,2,2,3,2,10,4,5,2,11,3,2,3,NA,0,jiangxi,ganzhou,0,1,NA,NA,NA,5,12,1,NA,1,1,1,1,1,1,NA,18,NA,NA,,5,3,27,13,4,3,11,6,3,10,NA,NA,NA,NA,NA,NA,4,2,27,13,4,3,11,6,3,10,82,92,78.1,76,40.27316048
87,2,1355,CT1,1033,2012/2/16 14:32,112.102.158.1,1,1,-3,2,-3,-3,NA,NA,NA,NA,NA,NA,1,NA,NA,NA,NA,NA,NA,1,1,NA,NA,NA,NA,NA,NA,NA,2,3,2,1,3,4,3,3,3,2,2,3,1,2,3,1,3,3,1,1,2,1,3,1,1,2,2,3,1,4,3,2,30,3,1,9,1,1,3,NA,1,heilongjiang,haerbin,0,1,NA,NA,NA,25,22,1,NA,2,2,2,2,1,3,NA,26,NA,NA,,4,3,22,14,2,4,11,4,4,9,NA,NA,NA,NA,NA,NA,3,2,22,14,2,4,11,4,4,9,44.875,80,48.4,35,54.28576444
1,2,1356,CT2,488,2001/10/17 16:59,61.175.211.164,2,-3,1,-3,-3,2,NA,NA,NA,NA,NA,NA,1,NA,NA,NA,NA,NA,NA,4,1,NA,NA,NA,NA,NA,NA,NA,2,1,1,1,3,3,3,3,3,3,1,1,1,1,3,1,3,3,1,2,2,2,4,2,1,3,4,3,2,4,2,6,10,4,1,9,3,2,4,NA,1,zhejiang,wenzhou,0,1,NA,NA,NA,10,10,2,NA,-3,-3,-3,-3,-3,3,NA,10,NA,NA,,7,3,23,18,1,3,10,4,4,10,NA,NA,NA,NA,NA,NA,6,2,23,18,1,3,10,4,4,10,101.5,140,88.6,89,38.10016321
2,2,1357,CT2,540,2001/10/17 17:00,175.44.175.122,2,-3,1,-3,-3,1,NA,NA,NA,NA,NA,NA,2,NA,NA,NA,NA,NA,NA,1,2,NA,NA,NA,NA,NA,NA,NA,2,1,1,1,2,1,3,3,3,2,2,2,2,3,2,2,2,1,1,1,1,2,3,1,1,1,1,4,3,3,2,10,36,4,1,3,3,2,3,NA,0,fujian,putian,0,1,NA,NA,NA,15,30,1,NA,1,2,1,1,1,3,NA,14,NA,NA,,7,3,26,13,2,3,12,7,3,8,NA,NA,NA,NA,NA,NA,6,2,26,13,2,3,12,7,3,8,50.29166667,68,49.6,60,28.48624991
3,2,1358,CT2,375,2001/10/17 17:30,61.149.129.186,2,-3,2,-3,-3,-3,NA,NA,NA,NA,NA,NA,4,NA,NA,NA,NA,NA,NA,2,3,NA,NA,NA,NA,NA,NA,NA,3,2,2,2,2,2,2,3,3,4,1,2,2,3,4,4,3,2,2,2,3,4,4,3,3,4,4,3,3,2,2,7,31,4,1,3,2,1,4,NA,1,beijing,beijing,0,1,NA,NA,NA,20,48,2,NA,-3,-3,-3,-3,-3,1,NA,6,NA,NA,,5,1,24,15,1,1,8,5,1,6,NA,NA,NA,NA,NA,NA,4,1,24,15,1,1,8,5,1,6,23.58333333,69,10.4,15,74.74850659
4,2,1359,CT2,437,2001/10/17 17:32,182.129.149.139,2,-3,1,-3,-3,2,NA,NA,NA,NA,NA,NA,2,NA,NA,NA,NA,NA,NA,2,3,NA,NA,NA,NA,NA,NA,NA,2,2,1,1,2,3,3,3,2,2,2,2,2,2,2,2,1,2,2,1,1,1,3,3,2,3,3,3,3,3,4,7,36,5,1,6,3,2,3,NA,1,sichuan,huzhou,0,1,NA,NA,NA,8,10,2,NA,-3,-3,-3,-3,-3,1,NA,10,NA,NA,,6,3,25,14,2,4,11,7,3,9,NA,NA,NA,NA,NA,NA,5,2,25,14,2,4,11,7,3,9,92.70833333,102,84.3,84,61.4301749
5,2,1360,CT2,572,2001/10/17 17:33,117.86.47.164,1,1,-3,1,-3,-3,NA,NA,NA,NA,NA,NA,1,NA,NA,NA,NA,NA,NA,1,2,NA,NA,NA,NA,NA,NA,NA,1,3,2,1,1,1,2,2,1,1,1,2,2,2,1,2,1,1,1,1,2,1,1,2,2,1,2,3,2,3,4,10,14,5,2,12,3,2,4,NA,0,jiangsu,nantong,0,1,NA,NA,NA,120,120,1,NA,1,1,2,1,1,4,NA,30,NA,NA,,4,3,34,12,4,4,11,8,3,10,NA,NA,NA,NA,NA,NA,3,2,34,12,4,4,11,8,3,10,93,114,100.5,88,45.55611001
6,2,1361,CT2,428,2001/10/17 17:35,113.251.53.129,2,-3,1,-3,-3,1,NA,NA,NA,NA,NA,NA,3,NA,NA,NA,NA,NA,NA,2,2,NA,NA,NA,NA,NA,NA,NA,3,2,2,2,2,3,2,2,2,3,3,2,2,2,3,3,2,2,3,2,3,3,3,3,3,3,3,3,2,3,3,7,16,4,1,11,3,2,5,NA,1,guangdong,shenzhen,0,1,NA,NA,NA,50,20,1,NA,2,1,2,2,2,1,NA,14,NA,NA,,5,1,24,13,2,2,7,6,2,8,NA,NA,NA,NA,NA,NA,4,1,24,13,2,2,7,6,2,8,40.45833333,51,37.5,37,26.8073083
7,2,1362,CT2,413,2001/10/17 17:36,117.64.201.217,1,2,-3,-3,2,-3,NA,NA,NA,NA,NA,NA,4,NA,NA,NA,NA,NA,NA,2,1,NA,NA,NA,NA,NA,NA,NA,3,2,2,1,2,1,2,1,1,2,2,2,1,2,1,3,2,1,1,1,2,1,2,3,2,2,1,2,3,1,2,8,36,4,1,3,3,2,4,NA,1,anhui,hefei,0,1,NA,NA,NA,16,20,1,NA,1,2,1,2,2,2,NA,18,NA,NA,,5,3,30,11,3,4,11,7,2,11,NA,NA,NA,NA,NA,NA,4,2,30,11,3,4,11,7,2,11,116.75,127,121.8,113,56.73333461
8,2,1363,CT2,768,2001/10/17 17:37,60.253.207.92,2,-3,1,-3,-3,2,NA,NA,NA,NA,NA,NA,1,NA,NA,NA,NA,NA,NA,1,1,NA,NA,NA,NA,NA,NA,NA,1,1,1,1,1,1,2,1,2,1,1,1,1,1,1,2,1,1,1,2,1,2,1,1,1,3,3,4,1,3,3,6,16,4,2,14,3,2,4,NA,1,beijing,beijing,0,1,NA,NA,NA,10,10,1,NA,1,1,1,1,1,6,NA,10,NA,NA,,7,3,34,18,4,3,11,8,3,12,NA,NA,NA,NA,NA,NA,6,2,34,18,4,3,11,8,3,12,23.58333333,69,10.4,15,74.74850659
9,2,1364,CT2,514,2001/10/17 17:37,116.1.126.139,1,1,-3,1,-3,-3,NA,NA,NA,NA,NA,NA,1,NA,NA,NA,NA,NA,NA,2,2,NA,NA,NA,NA,NA,NA,NA,1,2,1,1,2,4,2,3,2,1,1,1,2,1,1,2,1,1,2,1,2,1,2,1,1,4,4,2,1,3,2,9,8,3,2,2,3,2,4,NA,1,guangxi,hezhou,0,1,NA,NA,NA,20,40,1,NA,2,1,2,1,2,4,NA,30,NA,NA,,6,3,28,20,3,4,10,8,3,11,NA,NA,NA,NA,NA,NA,5,2,28,20,3,4,10,8,3,11,46.875,61,48,54,36.42396266
10,2,1365,CT2,527,2001/10/17 17:38,175.189.205.107,1,2,-3,-3,2,-3,NA,NA,NA,NA,NA,NA,2,NA,NA,NA,NA,NA,NA,2,1,NA,NA,NA,NA,NA,NA,NA,2,2,1,1,2,2,3,3,3,3,3,1,1,1,1,1,1,1,1,1,1,1,1,1,2,2,2,1,1,3,3,8,22,2,2,3,1,1,3,NA,1,hubei,wuhan,0,1,NA,NA,NA,200,150,1,NA,1,1,1,1,1,4,NA,18,NA,NA,,6,3,23,15,4,4,12,8,4,12,NA,NA,NA,NA,NA,NA,5,2,23,15,4,4,12,8,4,12,91.16666667,119,80.8,58,55.79588002
11,2,1366,CT2,319,2001/10/17 17:42,183.67.8.67,2,-3,1,-3,-3,1,NA,NA,NA,NA,NA,NA,2,NA,NA,NA,NA,NA,NA,2,3,NA,NA,NA,NA,NA,NA,NA,3,3,2,1,2,5,3,3,3,2,2,2,1,1,1,1,1,1,1,1,1,2,3,2,2,3,3,3,2,3,2,6,7,4,1,12,1,1,4,NA,1,chongqing,tongnan,0,1,NA,NA,NA,15,20,2,NA,-3,-3,-3,-3,-3,3,NA,14,NA,NA,,4,3,21,15,2,3,12,8,4,12,NA,NA,NA,NA,NA,NA,3,2,21,15,2,3,12,8,4,12,30.29166667,44,25,26,53.42939592
12,2,1367,CT2,362,2001/10/17 17:49,123.233.211.92,1,2,-3,-3,2,-3,NA,NA,NA,NA,NA,NA,1,NA,NA,NA,NA,NA,NA,1,1,NA,NA,NA,NA,NA,NA,NA,1,1,1,1,2,4,2,2,2,2,1,2,2,2,2,2,2,2,2,2,2,2,2,2,2,3,3,2,2,3,3,9,12,4,1,11,3,2,4,NA,0,shandong,jinan,0,1,NA,NA,NA,20,15,1,NA,2,2,2,2,2,1,NA,18,NA,NA,,7,3,28,15,3,3,9,6,3,9,NA,NA,NA,NA,NA,NA,6,2,28,15,3,3,9,6,3,9,111.7916667,147,102.9,95,76.08855271
13,2,1368,CT2,825,2001/10/17 17:51,27.186.150.62,1,2,-3,-3,2,-3,NA,NA,NA,NA,NA,NA,2,NA,NA,NA,NA,NA,NA,3,1,NA,NA,NA,NA,NA,NA,NA,2,2,1,1,2,3,2,2,1,1,1,1,1,1,2,2,1,1,1,1,1,1,2,1,1,4,4,4,4,3,3,9,7,4,1,14,3,2,3,NA,1,hebei,baoding,0,1,NA,NA,NA,15,30,1,NA,1,2,1,1,2,4,NA,18,NA,NA,,6,3,30,20,3,4,12,8,3,11,NA,NA,NA,NA,NA,NA,5,2,30,20,3,4,12,8,3,11,147.0416667,237,102.9,53,92.96440122
14,2,1369,CT2,355,2001/10/17 17:54,175.172.207.240,2,-3,2,-3,-3,-3,NA,NA,NA,NA,NA,NA,1,NA,NA,NA,NA,NA,NA,2,2,NA,NA,NA,NA,NA,NA,NA,3,2,1,1,2,3,2,1,2,2,3,2,2,2,1,3,2,2,1,2,2,1,2,1,3,2,1,3,2,1,3,7,10,4,1,10,3,2,4,NA,0,liaoning,shenyang,0,1,NA,NA,NA,20,15,1,NA,1,2,1,1,2,1,NA,6,NA,NA,,6,3,26,12,3,4,10,6,2,10,NA,NA,NA,NA,NA,NA,5,2,26,12,3,4,10,6,2,10,25.29166667,68,14.8,23,53.74797361
15,2,1370,CT2,312,2001/10/17 18:04,114.61.51.177,2,-3,1,-3,-3,2,NA,NA,NA,NA,NA,NA,4,NA,NA,NA,NA,NA,NA,1,3,NA,NA,NA,NA,NA,NA,NA,3,3,2,1,2,1,2,2,1,2,2,2,2,1,1,2,1,4,2,1,1,2,2,2,2,1,1,1,2,3,3,5,7,4,2,6,3,2,3,NA,0,shanghai,shanghai,0,1,NA,NA,NA,10,10,1,NA,1,1,2,1,1,2,NA,10,NA,NA,,4,3,29,11,3,3,11,5,3,11,NA,NA,NA,NA,NA,NA,3,2,29,11,3,3,11,5,3,11,81.04166667,96,86.3,70,44.1809673
16,2,1371,CT2,787,2001/10/17 18:04,106.0.6.59,1,2,-3,-3,1,-3,NA,NA,NA,NA,NA,NA,2,NA,NA,NA,NA,NA,NA,2,1,NA,NA,NA,NA,NA,NA,NA,1,1,1,1,2,1,2,2,2,2,1,1,1,1,1,2,1,1,1,1,2,1,2,1,1,4,4,4,2,3,4,9,19,4,1,10,3,2,4,NA,0,beijing,beijing,0,1,NA,NA,NA,20,28,1,NA,2,1,1,1,2,6,NA,22,NA,NA,,7,3,31,20,3,4,11,8,3,12,NA,NA,NA,NA,NA,NA,6,2,31,20,3,4,11,8,3,12,23.58333333,69,10.4,27,74.74850659
17,2,1372,CT2,1863,2001/10/17 18:08,117.179.165.52,1,1,-3,1,-3,-3,NA,NA,NA,NA,NA,NA,1,NA,NA,NA,NA,NA,NA,2,1,NA,NA,NA,NA,NA,NA,NA,1,1,1,1,2,1,3,3,2,3,3,2,2,2,3,2,2,1,1,1,1,1,4,2,2,1,1,3,2,3,2,6,30,6,1,15,3,4,2,NA,1,heilongjiang,jiamusi,0,1,NA,NA,NA,30,30,2,NA,-3,-3,-3,-3,-3,4,NA,30,NA,NA,,7,3,26,11,1,4,12,7,3,8,NA,NA,NA,NA,NA,NA,6,2,26,11,1,4,12,7,3,8,18.875,34,19,21,32.47021951
18,2,1373,CT2,331,2001/10/17 18:09,124.116.204.164,1,1,-3,1,-3,-3,NA,NA,NA,NA,NA,NA,2,NA,NA,NA,NA,NA,NA,1,4,NA,NA,NA,NA,NA,NA,NA,1,1,1,1,1,1,2,1,1,1,1,1,1,1,1,1,2,2,1,1,1,1,1,1,1,1,4,3,4,4,4,9,16,5,1,6,3,2,4,NA,0,shaanxi,xian,0,1,NA,NA,NA,18,18,1,NA,1,1,2,1,1,6,NA,30,NA,NA,,7,3,35,17,4,4,12,6,4,12,NA,NA,NA,NA,NA,NA,6,2,35,17,4,4,12,6,4,12,60.375,95,49.2,38,73.23936671
19,2,1374,CT2,663,2001/10/17 18:16,123.114.47.0,1,2,-3,-3,1,-3,NA,NA,NA,NA,NA,NA,4,NA,NA,NA,NA,NA,NA,1,3,NA,NA,NA,NA,NA,NA,NA,2,2,2,1,3,4,2,2,2,2,1,1,2,2,2,1,3,3,2,1,2,1,3,1,2,3,3,2,3,3,3,5,7,5,2,9,3,2,3,NA,0,beijing,beijing,0,1,NA,NA,NA,30,25,1,NA,1,1,2,1,1,3,NA,22,NA,NA,,5,3,26,17,2,4,10,4,4,9,NA,NA,NA,NA,NA,NA,4,2,26,17,2,4,10,4,4,9,23.58333333,69,10.4,27,74.74850659
20,2,1375,CT2,467,2001/10/17 18:17,222.135.142.236,1,1,-3,1,-3,-3,NA,NA,NA,NA,NA,NA,1,NA,NA,NA,NA,NA,NA,1,4,NA,NA,NA,NA,NA,NA,NA,5,1,2,1,1,6,1,1,1,1,1,1,1,1,1,1,1,1,1,1,1,1,1,1,1,1,1,1,1,1,1,11,16,5,1,3,3,2,4,NA,1,shandong,yantai,0,1,NA,NA,NA,25,25,1,NA,1,1,1,1,1,5,NA,30,NA,NA,,6,3,27,14,4,4,12,8,4,12,NA,NA,NA,NA,NA,NA,5,2,27,14,4,4,12,8,4,12,25.25,57,15.2,15,39.81505571
21,2,1376,CT2,364,2001/10/17 18:18,180.118.16.22,1,1,-3,1,-3,-3,NA,NA,NA,NA,NA,NA,1,NA,NA,NA,NA,NA,NA,1,2,NA,NA,NA,NA,NA,NA,NA,2,2,1,1,2,1,3,3,4,3,3,1,1,1,1,2,1,1,1,1,2,1,1,1,1,2,1,1,1,2,1,6,2,6,1,6,3,2,2,NA,0,jiangsu,zhenjiang,0,1,NA,NA,NA,20,20,1,NA,1,1,2,1,1,5,NA,30,NA,NA,,6,3,23,15,4,4,11,8,3,12,NA,NA,NA,NA,NA,NA,5,2,23,15,4,4,11,8,3,12,94.58333333,131,90.8,96,49.45849305
22,2,1377,CT2,378,2001/10/17 18:19,183.23.78.181,2,-3,1,-3,-3,2,NA,NA,NA,NA,NA,NA,4,NA,NA,NA,NA,NA,NA,1,4,NA,NA,NA,NA,NA,NA,NA,3,2,1,1,2,3,3,3,3,2,2,2,2,2,3,3,3,3,2,2,2,2,3,2,1,2,3,2,3,2,3,7,34,2,1,9,1,1,4,NA,1,guangdong,dongguan,0,1,NA,NA,NA,100,30,1,NA,1,2,1,1,2,1,NA,10,NA,NA,,6,3,23,15,2,3,9,4,2,8,NA,NA,NA,NA,NA,NA,5,2,23,15,2,3,9,4,2,8,58.80952381,NA,53,63,35.67142834
23,2,1378,CT2,467,2001/10/17 18:21,117.152.117.89,2,-3,2,-3,-3,-3,NA,NA,NA,NA,NA,NA,3,NA,NA,NA,NA,NA,NA,2,3,NA,NA,NA,NA,NA,NA,NA,4,2,2,1,1,1,3,2,2,3,3,3,2,3,2,3,2,2,3,2,2,3,2,2,3,3,2,3,2,2,3,8,31,4,1,11,3,2,6,NA,0,hubei,wuhan,0,1,NA,NA,NA,10,10,1,NA,2,3,2,3,2,1,NA,6,NA,NA,,5,3,25,12,3,2,8,6,2,8,NA,NA,NA,NA,NA,NA,4,2,25,12,3,2,8,6,2,8,91.16666667,119,80.8,59,55.79588002
24,2,1379,CT2,479,2001/10/17 18:39,111.26.33.102,2,-3,2,-3,-3,-3,NA,NA,NA,NA,NA,NA,4,NA,NA,NA,NA,NA,NA,2,1,NA,NA,NA,NA,NA,NA,NA,1,1,1,1,2,1,2,2,2,2,1,1,1,1,1,1,1,1,1,1,2,1,2,2,2,3,4,3,2,3,3,6,7,4,1,14,1,1,4,NA,0,jilin,changchun,0,1,NA,NA,NA,20,50,2,NA,-3,-3,-3,-3,-3,4,NA,6,NA,NA,,7,3,31,17,3,4,11,8,4,12,NA,NA,NA,NA,NA,NA,6,2,31,17,3,4,11,8,4,12,22.29166667,39,23.8,32,47.0668099
25,2,1380,CT2,414,2001/10/17 18:45,61.156.145.181,2,-3,1,-3,-3,2,NA,NA,NA,NA,NA,NA,3,NA,NA,NA,NA,NA,NA,4,3,NA,NA,NA,NA,NA,NA,NA,1,1,1,1,1,1,2,2,1,2,1,1,1,1,1,1,1,1,1,1,1,1,3,1,1,4,4,3,3,3,2,5,33,3,2,4,3,1,5,NA,0,shandong,jinan,0,1,NA,NA,NA,16,20,2,NA,-3,-3,-3,-3,-3,6,NA,10,NA,NA,,7,3,33,20,2,4,12,8,4,12,NA,NA,NA,NA,NA,NA,6,2,33,20,2,4,12,8,4,12,111.7916667,147,102.9,85,76.08855271
26,2,1381,CT2,479,2001/10/17 18:46,101.40.3.93,1,1,-3,2,-3,-3,NA,NA,NA,NA,NA,NA,1,NA,NA,NA,NA,NA,NA,2,1,NA,NA,NA,NA,NA,NA,NA,1,2,1,1,1,2,3,3,2,2,1,1,1,2,2,2,1,2,1,1,2,1,3,2,1,3,4,3,2,3,3,7,12,4,1,6,3,2,4,NA,1,beijing,beijing,0,1,NA,NA,NA,25,20,2,NA,-3,-3,-3,-3,-3,4,NA,26,NA,NA,,6,3,29,18,2,4,11,7,3,10,NA,NA,NA,NA,NA,NA,5,2,29,18,2,4,11,7,3,10,23.58333333,69,10.4,27,74.74850659
27,2,1382,CT2,566,2001/10/17 18:49,122.189.211.55,2,-3,2,-3,-3,-3,NA,NA,NA,NA,NA,NA,4,NA,NA,NA,NA,NA,NA,2,4,NA,NA,NA,NA,NA,NA,NA,2,2,1,1,2,3,2,2,2,2,1,2,2,2,2,2,3,3,2,3,1,2,2,2,2,3,3,3,1,4,3,5,33,6,1,3,3,2,2,NA,1,hubei,yichang,0,1,NA,NA,NA,12,15,1,NA,1,1,1,1,1,1,NA,6,NA,NA,,6,3,28,15,3,3,9,4,3,9,NA,NA,NA,NA,NA,NA,5,2,28,15,3,3,9,4,3,9,85.375,146,67.3,72,63.04576587
28,2,1383,CT2,1027,2001/10/17 18:52,123.123.243.88,1,1,-3,1,-3,-3,NA,NA,NA,NA,NA,NA,1,NA,NA,NA,NA,NA,NA,1,1,NA,NA,NA,NA,NA,NA,NA,1,1,1,1,1,4,2,2,2,2,2,1,1,1,1,1,1,1,1,1,1,1,1,1,1,1,1,2,2,3,3,9,11,4,1,3,3,2,3,NA,1,beijing,beijing,0,1,NA,NA,NA,30,30,1,NA,1,1,1,1,1,6,NA,30,NA,NA,,7,3,28,14,4,4,12,8,4,12,NA,NA,NA,NA,NA,NA,6,2,28,14,4,4,12,8,4,12,23.58333333,69,10.4,27,74.74850659
29,2,1384,CT2,893,2001/10/17 18:56,58.62.220.125,2,-3,1,-3,-3,2,NA,NA,NA,NA,NA,NA,3,NA,NA,NA,NA,NA,NA,2,2,NA,NA,NA,NA,NA,NA,NA,1,2,1,1,2,3,3,3,2,2,1,2,2,1,2,2,1,2,1,2,2,1,3,2,1,3,4,3,2,2,4,8,12,3,1,10,3,1,4,NA,0,guangdong,guangzhou,0,1,NA,NA,NA,12,6,1,NA,1,1,2,2,2,3,NA,10,NA,NA,,6,3,27,17,2,4,10,7,3,10,NA,NA,NA,NA,NA,NA,5,2,27,17,2,4,10,7,3,10,60.20833333,82,55.2,69,35.52303554
30,2,1385,CT2,420,2001/10/17 18:58,115.59.196.43,2,-3,2,-3,-3,-3,NA,NA,NA,NA,NA,NA,4,NA,NA,NA,NA,NA,NA,2,2,NA,NA,NA,NA,NA,NA,NA,3,3,3,2,3,5,3,3,3,3,3,3,2,2,2,2,2,2,1,2,1,1,1,1,1,1,1,3,2,2,2,5,36,5,2,12,3,2,4,NA,0,henan,sanmenxia,0,1,NA,NA,NA,10,10,2,NA,-3,-3,-3,-3,-3,1,NA,6,NA,NA,,3,1,18,12,4,4,11,6,3,9,NA,NA,NA,NA,NA,NA,3,1,18,12,4,4,11,6,3,9,35.83333333,58,34.6,16,63.14248116
31,2,1386,CT2,431,2001/10/17 19:01,221.212.116.52,1,1,-3,1,-3,-3,NA,NA,NA,NA,NA,NA,1,NA,NA,NA,NA,NA,NA,2,1,NA,NA,NA,NA,NA,NA,NA,2,2,1,1,2,1,3,3,3,2,2,2,2,2,2,2,1,1,1,1,1,1,1,1,1,1,1,1,1,2,1,8,12,3,2,10,3,2,6,NA,0,beijing,beijing,0,1,NA,NA,NA,50,60,1,NA,1,1,1,1,1,5,NA,30,NA,NA,,6,3,26,13,4,4,12,8,3,9,NA,NA,NA,NA,NA,NA,5,2,26,13,4,4,12,8,3,9,23.58333333,69,10.4,49,74.74850659
32,2,1387,CT2,1338,2001/10/17 19:07,39.167.94.209,1,1,-3,1,-3,-3,NA,NA,NA,NA,NA,NA,2,NA,NA,NA,NA,NA,NA,1,2,NA,NA,NA,NA,NA,NA,NA,2,1,1,1,2,3,2,2,2,2,2,2,2,1,2,2,3,2,1,1,3,2,2,3,2,3,4,3,2,3,4,5,34,4,1,14,3,2,4,NA,1,jiangxi,pingxiang,0,1,NA,NA,NA,50,80,1,NA,1,1,1,1,1,3,NA,30,NA,NA,,7,3,27,15,3,3,10,5,3,10,NA,NA,NA,NA,NA,NA,6,2,27,15,3,3,10,5,3,10,84.875,102,94.8,100,51.66389725
33,2,1388,CT2,457,2001/10/17 19:08,119.248.57.212,1,2,-3,-3,1,-3,NA,NA,NA,NA,NA,NA,1,NA,NA,NA,NA,NA,NA,1,1,NA,NA,NA,NA,NA,NA,NA,1,1,1,1,2,3,2,2,2,2,1,2,1,2,1,1,2,2,1,1,2,1,2,1,1,3,3,3,3,4,2,9,31,3,2,10,3,2,5,NA,1,hebei,shijiazhuang,0,1,NA,NA,NA,20,16,1,NA,1,1,1,1,1,4,NA,22,NA,NA,,7,3,29,17,3,4,11,6,4,11,NA,NA,NA,NA,NA,NA,6,2,29,17,3,4,11,6,4,11,108,162,86.9,61,95.62474719
34,2,1389,CT2,449,2001/10/17 19:10,111.41.8.193,2,-3,2,-3,-3,-3,NA,NA,NA,NA,NA,NA,4,NA,NA,NA,NA,NA,NA,2,3,NA,NA,NA,NA,NA,NA,NA,1,2,2,1,2,1,1,1,1,2,1,1,1,1,1,1,1,1,1,1,1,1,1,2,1,1,1,1,1,1,1,2,34,6,2,12,3,2,4,NA,1,heilongjiang,shuangyashan,0,1,NA,NA,NA,12,28,1,NA,1,2,1,1,1,5,NA,6,NA,NA,,5,3,34,13,4,4,12,8,4,12,NA,NA,NA,NA,NA,NA,4,2,34,13,4,4,12,8,4,12,21.20833333,36,20.5,23,33.03414017
35,2,1390,CT2,4505,2001/10/17 19:11,183.60.228.69,1,2,-3,-3,2,-3,NA,NA,NA,NA,NA,NA,2,NA,NA,NA,NA,NA,NA,2,2,NA,NA,NA,NA,NA,NA,NA,1,1,1,1,1,1,2,2,1,1,1,1,1,1,2,2,1,1,1,2,1,1,1,2,1,2,3,3,2,4,3,7,34,5,2,6,3,2,3,NA,1,guangdong,guangzhou,0,1,NA,NA,NA,16,15,2,NA,-3,-3,-3,-3,-3,4,NA,18,NA,NA,,7,3,34,16,4,4,11,8,3,11,NA,NA,NA,NA,NA,NA,6,2,34,16,4,4,11,8,3,11,60.20833333,82,55.2,75,35.52303554
36,2,1391,CT2,378,2001/10/17 19:11,183.140.214.81,2,-3,1,-3,-3,2,NA,NA,NA,NA,NA,NA,2,NA,NA,NA,NA,NA,NA,3,3,NA,NA,NA,NA,NA,NA,NA,1,2,1,1,2,4,2,2,2,4,2,2,1,1,2,2,1,3,2,3,2,3,4,2,1,2,3,2,2,2,3,6,38,5,2,15,3,3,1,NA,0,zhejiang,jiaxing,0,1,NA,NA,NA,5,20,2,NA,-3,-3,-3,-3,-3,1,NA,10,NA,NA,,6,3,25,15,1,2,8,6,3,11,NA,NA,NA,NA,NA,NA,5,2,25,15,1,2,8,6,3,11,84.41666667,106,74.8,92,43.69888058
37,2,1392,CT2,1142,2001/10/17 19:12,113.103.165.182,1,1,-3,1,-3,-3,NA,NA,NA,NA,NA,NA,2,NA,NA,NA,NA,NA,NA,2,1,NA,NA,NA,NA,NA,NA,NA,2,2,1,1,2,1,3,3,2,2,2,2,2,2,2,2,2,2,2,2,2,2,3,2,2,3,3,3,2,3,3,3,33,2,2,12,1,1,4,NA,1,guangdong,chaozhou,0,1,NA,NA,NA,20,20,2,NA,-3,-3,-3,-3,-3,1,NA,30,NA,NA,,6,3,27,15,2,3,9,6,3,9,NA,NA,NA,NA,NA,NA,5,2,27,15,2,3,9,6,3,9,46.875,58,48.7,58,32.65664728
38,2,1393,CT2,690,2001/10/17 19:17,114.85.49.46,1,1,-3,1,-3,-3,NA,NA,NA,NA,NA,NA,3,NA,NA,NA,NA,NA,NA,2,1,NA,NA,NA,NA,NA,NA,NA,3,1,1,1,1,1,2,2,2,2,2,2,1,1,1,1,1,1,2,2,2,2,2,1,1,1,1,1,1,1,1,9,29,4,1,11,3,2,4,NA,1,shanghai,shanghai,0,1,NA,NA,NA,20,20,1,NA,1,1,1,1,1,5,NA,30,NA,NA,,7,3,29,13,3,3,9,8,4,12,NA,NA,NA,NA,NA,NA,6,2,29,13,3,3,9,8,4,12,81.04166667,96,86.3,69,44.1809673
39,2,1394,CT2,961,2001/10/17 19:20,112.10.80.60,1,2,-3,-3,1,-3,NA,NA,NA,NA,NA,NA,1,NA,NA,NA,NA,NA,NA,2,1,NA,NA,NA,NA,NA,NA,NA,2,2,1,1,1,1,2,2,3,2,1,2,2,3,2,2,2,3,2,2,3,2,3,2,1,3,4,3,2,3,3,6,10,2,1,2,1,1,2,NA,1,zhejiang,hangzhou,0,1,NA,NA,NA,20,16,1,NA,2,3,1,1,1,1,NA,22,NA,NA,,6,3,30,17,2,3,8,5,3,8,NA,NA,NA,NA,NA,NA,5,2,30,17,2,3,8,5,3,8,110.4583333,129,113.1,97,46.50827533
40,2,1395,CT2,457,2001/10/17 19:29,221.193.163.5,2,-3,1,-3,-3,1,NA,NA,NA,NA,NA,NA,1,NA,NA,NA,NA,NA,NA,2,1,NA,NA,NA,NA,NA,NA,NA,1,2,1,1,2,1,1,2,2,2,2,1,1,1,1,1,1,4,1,1,2,1,3,1,1,4,4,3,3,2,4,6,12,3,1,5,3,2,4,NA,0,hebei,shijiazhuang,0,1,NA,NA,NA,50,40,1,NA,1,1,1,1,2,6,NA,14,NA,NA,,6,3,31,20,2,4,11,5,4,12,NA,NA,NA,NA,NA,NA,5,2,31,20,2,4,11,5,4,12,108,162,86.9,61,95.62474719
41,2,1396,CT2,500,2001/10/17 19:31,139.226.184.243,1,2,-3,-3,2,-3,NA,NA,NA,NA,NA,NA,1,NA,NA,NA,NA,NA,NA,2,1,NA,NA,NA,NA,NA,NA,NA,2,2,1,1,2,4,3,3,2,2,1,2,2,1,2,3,2,4,1,1,1,1,3,1,1,3,4,1,4,4,4,5,36,2,2,1,1,1,4,NA,1,shanghai,shanghai,0,1,NA,NA,NA,15,20,2,NA,-3,-3,-3,-3,-3,3,NA,18,NA,NA,,6,3,25,18,2,4,12,4,2,10,NA,NA,NA,NA,NA,NA,5,2,25,18,2,4,12,4,2,10,81.04166667,96,86.3,69,44.1809673
42,2,1397,CT2,314,2001/10/17 19:39,120.239.186.205,1,1,-3,1,-3,-3,NA,NA,NA,NA,NA,NA,1,NA,NA,NA,NA,NA,NA,1,1,NA,NA,NA,NA,NA,NA,NA,1,2,1,1,1,1,3,2,2,2,1,1,1,1,2,1,1,1,1,1,1,1,2,1,1,4,4,4,1,1,4,9,16,4,2,10,3,2,4,NA,0,guangdong,guangzhou,0,1,NA,NA,NA,60,50,1,NA,1,1,1,2,2,6,NA,30,NA,NA,,6,3,31,20,3,4,12,8,4,11,NA,NA,NA,NA,NA,NA,5,2,31,20,3,4,12,8,4,11,60.20833333,82,55.2,75,35.52303554
43,2,1398,CT2,697,2001/10/17 19:44,171.114.161.63,1,1,-3,1,-3,-3,NA,NA,NA,NA,NA,NA,1,NA,NA,NA,NA,NA,NA,1,1,NA,NA,NA,NA,NA,NA,NA,1,1,1,1,1,1,1,2,1,2,1,1,1,2,1,2,1,2,1,2,1,2,1,1,1,3,3,4,2,3,2,10,3,4,2,15,3,2,4,NA,1,hubei,wuhan,0,1,NA,NA,NA,50,23,1,NA,1,2,1,1,1,6,NA,30,NA,NA,,7,3,34,18,4,3,11,7,3,11,NA,NA,NA,NA,NA,NA,6,2,34,18,4,3,11,7,3,11,91.16666667,119,80.8,56,55.79588002
44,2,1399,CT2,404,2001/10/17 19:50,60.216.239.8,1,1,-3,1,-3,-3,NA,NA,NA,NA,NA,NA,4,NA,NA,NA,NA,NA,NA,1,1,NA,NA,NA,NA,NA,NA,NA,5,2,2,1,3,3,1,2,2,1,1,2,2,1,3,1,2,2,2,1,2,2,2,2,2,2,2,2,1,2,2,7,16,3,1,11,3,2,5,NA,0,shandong,jinan,0,1,NA,NA,NA,25,20,1,NA,1,1,1,1,1,2,NA,30,NA,NA,,5,3,26,13,3,3,10,6,4,9,NA,NA,NA,NA,NA,NA,4,2,26,13,3,3,10,6,4,9,111.7916667,147,102.9,81,76.08855271
45,2,1400,CT2,825,2001/10/17 19:52,101.88.36.172,2,-3,2,-3,-3,-3,NA,NA,NA,NA,NA,NA,2,NA,NA,NA,NA,NA,NA,2,2,NA,NA,NA,NA,NA,NA,NA,4,3,2,2,3,3,3,3,3,2,2,2,2,2,2,2,2,2,2,2,3,1,2,2,2,2,2,2,2,2,2,6,36,6,1,2,3,2,1,NA,1,shanghai,shanghai,0,1,NA,NA,NA,10,20,2,NA,-3,-3,-3,-3,-3,1,NA,6,NA,NA,,4,1,21,13,3,4,8,6,3,9,NA,NA,NA,NA,NA,NA,3,1,21,13,3,4,8,6,3,9,81.04166667,96,86.3,69,44.1809673
46,2,1401,CT2,528,2001/10/17 19:52,222.223.118.55,1,2,-3,-3,2,-3,NA,NA,NA,NA,NA,NA,1,NA,NA,NA,NA,NA,NA,1,1,NA,NA,NA,NA,NA,NA,NA,2,2,1,1,2,4,3,2,3,2,2,2,2,2,3,3,2,3,2,1,2,1,2,2,2,1,3,3,2,2,3,9,13,5,1,11,3,3,4,NA,0,beijing,beijing,0,1,NA,NA,NA,10,10,1,NA,1,2,1,1,1,1,NA,18,NA,NA,,6,3,24,13,3,4,10,5,2,8,NA,NA,NA,NA,NA,NA,5,2,24,13,3,4,10,5,2,8,23.58333333,69,10.4,49,74.74850659
47,2,1402,CT2,890,2001/10/17 19:52,211.161.244.113,1,1,-3,1,-3,-3,NA,NA,NA,NA,NA,NA,2,NA,NA,NA,NA,NA,NA,1,1,NA,NA,NA,NA,NA,NA,NA,3,2,1,1,2,4,3,3,3,3,3,2,2,2,2,2,3,3,1,1,1,2,3,2,2,2,2,2,2,4,2,7,16,2,1,11,3,2,3,NA,1,shanghai,shanghai,0,1,NA,NA,NA,30,25,1,NA,1,2,2,1,1,1,NA,30,NA,NA,,6,3,20,13,2,3,12,4,3,9,NA,NA,NA,NA,NA,NA,5,2,20,13,2,3,12,4,3,9,81.04166667,96,86.3,69,44.1809673
48,2,1403,CT2,1201,2001/10/17 19:58,117.152.94.53,1,1,-3,1,-3,-3,NA,NA,NA,NA,NA,NA,4,NA,NA,NA,NA,NA,NA,2,1,NA,NA,NA,NA,NA,NA,NA,1,2,2,2,2,2,1,2,2,1,1,2,4,3,2,3,3,3,1,2,3,3,2,1,2,3,3,1,1,2,2,9,12,4,2,11,3,3,4,NA,1,hubei,wuhan,0,1,NA,NA,NA,20,60,1,NA,1,2,1,2,1,1,NA,30,NA,NA,,5,1,32,16,3,2,9,4,2,6,NA,NA,NA,NA,NA,NA,4,1,32,16,3,2,9,4,2,6,91.16666667,119,80.8,56,55.79588002
49,2,1404,CT2,335,2001/10/17 20:02,106.45.232.82,1,1,-3,1,-3,-3,NA,NA,NA,NA,NA,NA,3,NA,NA,NA,NA,NA,NA,2,3,NA,NA,NA,NA,NA,NA,NA,5,2,2,1,2,2,2,3,3,2,2,2,2,3,2,2,2,3,2,3,2,2,2,2,2,3,3,3,2,2,3,9,14,5,2,7,3,2,4,NA,0,anhui,hefei,0,1,NA,NA,NA,25,30,1,NA,2,1,1,2,2,1,NA,30,NA,NA,,5,3,23,15,3,3,8,5,3,8,NA,NA,NA,NA,NA,NA,4,2,23,15,3,3,8,5,3,8,116.75,127,121.8,106,56.73333461
50,2,1405,CT2,346,2001/10/17 20:04,218.66.80.121,2,-3,2,-3,-3,-3,NA,NA,NA,NA,NA,NA,1,NA,NA,NA,NA,NA,NA,2,3,NA,NA,NA,NA,NA,NA,NA,3,3,2,2,3,4,2,3,3,2,3,3,2,3,3,3,3,2,2,3,3,2,2,2,2,3,3,3,2,2,2,5,10,4,1,14,3,2,4,NA,1,fujian,fuzhou,0,1,NA,NA,NA,20,30,2,NA,-3,-3,-3,-3,-3,1,NA,6,NA,NA,,4,1,21,14,3,3,7,5,2,7,NA,NA,NA,NA,NA,NA,3,1,21,14,3,3,7,5,2,7,54.45833333,78,51.9,73,26.17232607
51,2,1406,CT2,799,2001/10/17 20:07,182.202.7.181,1,1,-3,2,-3,-3,NA,NA,NA,NA,NA,NA,2,NA,NA,NA,NA,NA,NA,1,1,NA,NA,NA,NA,NA,NA,NA,2,1,1,1,3,1,3,2,1,2,2,3,1,2,2,1,3,3,1,1,3,2,2,2,1,1,3,4,2,4,2,9,9,3,1,10,3,2,5,NA,1,liaoning,anshan,0,1,NA,NA,NA,28,28,1,NA,1,1,1,1,3,3,NA,26,NA,NA,,7,3,28,13,3,3,10,4,4,10,NA,NA,NA,NA,NA,NA,6,2,28,13,3,3,10,4,4,10,25.625,43,22.7,32,53.85033405
52,2,1407,CT2,309,2001/10/17 20:22,175.166.20.38,2,-3,2,-3,-3,-3,NA,NA,NA,NA,NA,NA,3,NA,NA,NA,NA,NA,NA,2,3,NA,NA,NA,NA,NA,NA,NA,2,2,1,1,2,4,2,1,1,2,2,2,2,3,3,2,3,2,2,3,3,2,3,2,3,3,2,2,2,3,2,6,19,4,2,11,3,2,4,NA,0,liaoning,shenyang,0,1,NA,NA,NA,25,40,1,NA,2,1,2,2,2,1,NA,6,NA,NA,,6,3,28,13,2,3,7,5,3,7,NA,NA,NA,NA,NA,NA,5,2,28,13,2,3,7,5,3,7,25.29166667,68,14.8,50,53.74797361
53,2,1408,CT2,668,2001/10/17 20:22,118.199.194.166,2,-3,1,-3,-3,2,NA,NA,NA,NA,NA,NA,2,NA,NA,NA,NA,NA,NA,1,1,NA,NA,NA,NA,NA,NA,NA,2,2,1,1,2,3,2,2,2,2,2,2,1,2,2,2,2,2,1,1,2,1,2,2,2,2,2,2,3,2,3,6,7,4,2,4,3,1,4,NA,1,beijing,beijing,0,1,NA,NA,NA,16,18,2,NA,-3,-3,-3,-3,-3,3,NA,10,NA,NA,,6,3,27,13,3,4,11,6,3,10,NA,NA,NA,NA,NA,NA,5,2,27,13,3,4,11,6,3,10,23.58333333,69,10.4,64,74.74850659
54,2,1409,CT2,1289,2001/10/17 20:36,219.136.34.95,2,-3,2,-3,-3,-3,NA,NA,NA,NA,NA,NA,2,NA,NA,NA,NA,NA,NA,2,3,NA,NA,NA,NA,NA,NA,NA,3,2,1,1,3,4,3,3,3,3,3,2,2,2,2,2,1,1,1,1,1,1,1,1,1,3,3,3,3,3,3,10,19,3,1,11,3,2,5,NA,1,guangdong,guangzhou,0,1,NA,NA,NA,12,15,1,NA,1,1,1,1,1,4,NA,6,NA,NA,,6,3,19,17,4,4,12,8,3,9,NA,NA,NA,NA,NA,NA,5,2,19,17,4,4,12,8,3,9,60.20833333,82,55.2,80,35.52303554
55,2,1410,CT2,4212,2001/10/17 20:40,49.77.134.117,1,1,-3,2,-3,-3,NA,NA,NA,NA,NA,NA,2,NA,NA,NA,NA,NA,NA,2,1,NA,NA,NA,NA,NA,NA,NA,2,2,1,1,1,1,2,2,2,3,2,1,2,2,2,2,2,1,1,1,1,1,1,1,1,1,1,1,2,3,2,8,37,6,2,15,3,2,2,NA,1,jiangsu,nanjing,0,1,NA,NA,NA,16,16,1,NA,1,1,1,1,1,2,NA,26,NA,NA,,6,3,29,14,4,4,12,7,3,9,NA,NA,NA,NA,NA,NA,5,2,29,14,4,4,12,7,3,9,87.5,98,80.7,95,46.9316895
56,2,1411,CT2,612,2001/10/17 20:49,171.37.33.255,1,1,-3,1,-3,-3,NA,NA,NA,NA,NA,NA,2,NA,NA,NA,NA,NA,NA,2,1,NA,NA,NA,NA,NA,NA,NA,1,1,1,1,2,5,3,3,3,3,2,2,2,2,2,2,2,2,1,1,1,2,2,2,2,3,3,3,2,3,2,8,33,3,2,9,3,2,3,NA,1,guangxi,nanning,0,1,NA,NA,NA,50,35,1,NA,1,2,1,1,1,3,NA,30,NA,NA,,7,3,22,15,3,3,12,6,3,9,NA,NA,NA,NA,NA,NA,6,2,22,15,3,3,12,6,3,9,73.25,97,78,93,36.33431931
57,2,1412,CT2,962,2001/10/17 20:51,222.81.216.114,1,1,-3,1,-3,-3,NA,NA,NA,NA,NA,NA,1,NA,NA,NA,NA,NA,NA,1,1,NA,NA,NA,NA,NA,NA,NA,1,2,1,1,1,1,2,2,2,1,1,2,1,1,1,1,2,1,1,2,1,1,1,1,1,2,1,3,2,3,2,10,21,3,1,7,3,2,5,NA,0,beijing,beijing,0,1,NA,NA,NA,25,28,1,NA,1,1,2,1,1,6,NA,30,NA,NA,,6,3,33,14,4,4,11,7,4,12,NA,NA,NA,NA,NA,NA,5,2,33,14,4,4,11,7,4,12,23.58333333,69,10.4,64,74.74850659
58,2,1413,CT2,322,2001/10/17 20:58,27.29.255.43,1,1,-3,1,-3,-3,NA,NA,NA,NA,NA,NA,4,NA,NA,NA,NA,NA,NA,1,2,NA,NA,NA,NA,NA,NA,NA,6,1,1,1,1,3,1,1,1,1,1,1,1,1,1,1,1,1,1,1,1,1,1,1,1,1,1,1,1,1,1,11,34,4,1,6,4,1,4,NA,1,hubei,xiaogan,0,1,NA,NA,NA,30,50,1,NA,1,1,1,1,1,5,NA,30,NA,NA,,7,3,29,14,4,4,12,8,4,12,NA,NA,NA,NA,NA,NA,6,2,29,14,4,4,12,8,4,12,74.41666667,91,67.7,78,45.63362252
59,2,1414,CT2,882,2001/10/17 21:01,144.255.181.23,1,2,-3,-3,1,-3,NA,NA,NA,NA,NA,NA,2,NA,NA,NA,NA,NA,NA,2,2,NA,NA,NA,NA,NA,NA,NA,2,2,1,1,2,2,3,3,2,3,1,2,2,2,2,1,2,3,2,1,2,2,3,2,2,1,3,2,2,2,3,8,16,4,1,8,3,2,4,NA,1,shandong,linyi,0,1,NA,NA,NA,22,18,1,NA,1,1,2,1,2,3,NA,22,NA,NA,,6,3,26,13,2,3,10,5,4,9,NA,NA,NA,NA,NA,NA,5,2,26,13,2,3,10,5,4,9,126.6666667,190,111.3,76,66.32250308
60,2,1415,CT2,419,2001/10/17 21:01,183.225.222.14,1,1,-3,2,-3,-3,NA,NA,NA,NA,NA,NA,1,NA,NA,NA,NA,NA,NA,1,4,NA,NA,NA,NA,NA,NA,NA,3,1,1,1,2,1,2,2,2,2,2,1,1,1,1,1,1,1,1,1,1,1,1,2,2,3,4,2,3,3,3,8,7,4,1,12,3,2,3,NA,1,yunnan,shaotong,0,1,NA,NA,NA,20,20,1,NA,1,2,1,1,1,4,NA,26,NA,NA,,7,3,28,17,4,4,12,8,4,12,NA,NA,NA,NA,NA,NA,6,2,28,17,4,4,12,8,4,12,36.25,49,35.3,46,31.67032675
61,2,1416,CT2,1800,2001/10/17 21:09,223.74.228.0,1,2,-3,-3,2,-3,NA,NA,NA,NA,NA,NA,1,NA,NA,NA,NA,NA,NA,2,1,NA,NA,NA,NA,NA,NA,NA,2,2,1,1,2,2,3,3,3,2,1,2,2,2,1,2,2,1,1,2,1,2,1,2,1,2,2,3,2,3,2,6,9,3,2,12,3,2,4,NA,0,guangdong,guangzhou,0,1,NA,NA,NA,10,25,1,NA,2,1,1,1,2,3,NA,18,NA,NA,,6,3,26,14,4,3,11,7,3,10,NA,NA,NA,NA,NA,NA,5,2,26,14,4,3,11,7,3,10,60.20833333,82,55.2,81,35.52303554
62,2,1417,CT2,707,2001/10/17 21:12,106.36.218.237,1,2,-3,-3,1,-3,NA,NA,NA,NA,NA,NA,1,NA,NA,NA,NA,NA,NA,2,1,NA,NA,NA,NA,NA,NA,NA,1,1,1,1,1,1,2,2,2,2,2,1,1,2,1,1,2,2,1,1,1,1,3,2,1,3,3,2,2,3,4,5,7,7,2,15,3,2,3,NA,1,shaanxi,xian,0,1,NA,NA,NA,8,20,1,NA,1,1,1,1,1,4,NA,22,NA,NA,,7,3,31,17,2,4,12,6,4,11,NA,NA,NA,NA,NA,NA,6,2,31,17,2,4,12,6,4,11,60.375,95,49.2,48,73.23936671
63,2,1418,CT2,436,2001/10/17 21:15,49.76.117.153,1,1,-3,1,-3,-3,NA,NA,NA,NA,NA,NA,2,NA,NA,NA,NA,NA,NA,1,1,NA,NA,NA,NA,NA,NA,NA,3,2,1,1,2,2,3,2,2,2,1,2,2,2,1,2,2,2,2,1,2,2,2,1,1,2,2,3,2,2,3,8,12,4,1,3,3,2,4,NA,1,jiangsu,wuxi,0,1,NA,NA,NA,35,30,1,NA,2,1,1,1,2,3,NA,30,NA,NA,,6,3,27,15,3,3,10,6,3,10,NA,NA,NA,NA,NA,NA,5,2,27,15,3,3,10,6,3,10,102.0416667,112,96,106,52.16075894
64,2,1419,CT2,636,2001/10/17 21:33,42.199.50.98,1,1,-3,1,-3,-3,NA,NA,NA,NA,NA,NA,2,NA,NA,NA,NA,NA,NA,2,1,NA,NA,NA,NA,NA,NA,NA,2,2,1,1,3,3,2,3,2,3,2,3,2,2,2,2,3,3,2,1,1,2,3,3,3,2,2,3,3,3,2,4,30,2,2,3,1,1,3,NA,1,guangdong,zhuhai,0,1,NA,NA,NA,20,30,1,NA,2,2,2,2,1,1,NA,30,NA,NA,,6,3,24,10,2,3,11,4,3,9,NA,NA,NA,NA,NA,NA,5,2,24,10,2,3,11,4,3,9,37.75,43,36,41,26.41818564
65,2,1420,CT2,644,2001/10/17 21:42,222.79.18.72,2,-3,2,-3,-3,-3,NA,NA,NA,NA,NA,NA,1,NA,NA,NA,NA,NA,NA,1,1,NA,NA,NA,NA,NA,NA,NA,1,1,1,1,1,5,2,2,2,1,1,1,1,1,1,1,1,1,1,1,1,1,1,1,1,4,4,4,2,4,4,11,19,2,1,10,2,1,4,NA,0,fujian,fuzhou,0,1,NA,NA,NA,20,130,1,NA,1,1,1,1,1,6,NA,6,NA,NA,,7,3,29,20,4,4,12,8,4,12,NA,NA,NA,NA,NA,NA,6,2,29,20,4,4,12,8,4,12,54.45833333,78,51.9,76,26.17232607
66,2,1421,CT2,502,2001/10/17 21:43,14.115.60.212,2,-3,1,-3,-3,2,NA,NA,NA,NA,NA,NA,2,NA,NA,NA,NA,NA,NA,1,2,NA,NA,NA,NA,NA,NA,NA,2,2,1,1,2,1,1,1,1,1,1,2,1,2,1,1,1,1,1,2,1,1,2,1,1,1,1,1,1,2,1,6,8,2,2,10,2,1,3,NA,0,guangdong,guangzhou,0,1,NA,NA,NA,8,12,1,NA,1,1,1,1,1,5,NA,10,NA,NA,,6,3,34,13,3,4,11,8,4,11,NA,NA,NA,NA,NA,NA,5,2,34,13,3,4,11,8,4,11,60.20833333,82,55.2,81,35.52303554
67,2,1422,CT2,766,2001/10/17 21:46,222.168.41.78,2,-3,2,-3,-3,-3,NA,NA,NA,NA,NA,NA,2,NA,NA,NA,NA,NA,NA,4,4,NA,NA,NA,NA,NA,NA,NA,2,2,1,1,2,1,3,2,2,2,1,2,2,2,3,1,2,3,2,1,2,1,3,2,1,3,4,3,3,3,4,8,7,2,2,8,3,1,3,NA,0,hubei,wuhan,0,1,NA,NA,NA,20,30,2,NA,-3,-3,-3,-3,-3,3,NA,6,NA,NA,,6,3,29,17,2,4,10,5,4,8,NA,NA,NA,NA,NA,NA,5,2,29,17,2,4,10,5,4,8,91.16666667,119,80.8,68,55.79588002
68,2,1423,CT2,511,2001/10/17 21:49,36.57.184.68,1,2,-3,-3,1,-3,NA,NA,NA,NA,NA,NA,2,NA,NA,NA,NA,NA,NA,2,1,NA,NA,NA,NA,NA,NA,NA,3,2,1,1,2,4,3,3,2,2,2,2,1,2,1,2,2,2,1,1,1,2,2,1,2,2,2,4,2,3,3,9,20,4,2,12,3,2,6,NA,1,anhui,hefei,0,1,NA,NA,NA,20,17,1,NA,1,1,2,1,1,3,NA,22,NA,NA,,6,3,23,14,3,3,12,6,3,11,NA,NA,NA,NA,NA,NA,5,2,23,14,3,3,12,6,3,11,116.75,127,121.8,102,56.73333461
69,2,1424,CT2,888,2001/10/17 21:49,1.180.212.91,1,1,-3,1,-3,-3,NA,NA,NA,NA,NA,NA,1,NA,NA,NA,NA,NA,NA,1,1,NA,NA,NA,NA,NA,NA,NA,1,1,1,1,1,1,2,2,2,1,1,1,2,1,2,2,1,1,1,1,2,1,2,2,1,3,4,2,1,3,3,8,16,4,1,7,3,2,4,NA,1,beijing,beijing,0,1,NA,NA,NA,35,25,2,NA,-3,-3,-3,-3,-3,4,NA,30,NA,NA,,7,3,33,18,3,4,11,8,3,10,NA,NA,NA,NA,NA,NA,6,2,33,18,3,4,11,8,3,10,23.58333333,69,10.4,69,74.74850659
70,2,1425,CT2,462,2001/10/17 21:54,120.210.182.182,1,1,-3,1,-3,-3,NA,NA,NA,NA,NA,NA,2,NA,NA,NA,NA,NA,NA,1,1,NA,NA,NA,NA,NA,NA,NA,1,2,1,1,2,4,2,2,2,2,2,2,1,2,2,1,1,1,2,1,1,1,2,2,2,1,2,3,2,2,3,9,12,2,1,3,3,2,4,NA,1,anhui,hefei,0,1,NA,NA,NA,30,150,1,NA,1,2,1,1,2,4,NA,30,NA,NA,,6,3,27,12,3,4,11,8,4,10,NA,NA,NA,NA,NA,NA,5,2,27,12,3,4,11,8,4,10,116.75,127,121.8,102,56.73333461
71,2,1426,CT2,552,2001/10/17 21:55,223.74.113.163,2,-3,2,-3,-3,-3,NA,NA,NA,NA,NA,NA,1,NA,NA,NA,NA,NA,NA,3,1,NA,NA,NA,NA,NA,NA,NA,1,2,1,1,1,1,1,1,1,2,1,1,1,1,2,1,2,2,1,1,1,2,2,1,1,2,2,2,3,2,4,10,23,4,1,11,3,2,4,NA,1,guangdong,dongguan,0,1,NA,NA,NA,25,20,1,NA,1,1,1,1,1,6,NA,6,NA,NA,,6,3,35,16,3,3,12,6,4,11,NA,NA,NA,NA,NA,NA,5,2,35,16,3,3,12,6,4,11,58.80952381,NA,53,NA,35.67142834
72,2,1427,CT2,1296,2001/10/17 21:56,182.201.233.228,2,-3,2,-3,-3,-3,NA,NA,NA,NA,NA,NA,2,NA,NA,NA,NA,NA,NA,2,1,NA,NA,NA,NA,NA,NA,NA,1,1,1,1,2,2,3,3,2,2,1,1,1,2,2,2,4,4,1,1,2,2,3,2,2,3,4,3,1,3,4,8,16,3,1,9,3,1,4,NA,0,liaoning,dalian,0,1,NA,NA,NA,15,10,1,NA,1,2,1,1,1,3,NA,6,NA,NA,,7,3,28,17,2,3,11,2,3,10,NA,NA,NA,NA,NA,NA,6,2,28,17,2,3,11,2,3,10,17.91666667,30,13,23,38.39805684
73,2,1428,CT2,437,2001/10/17 22:00,112.5.238.156,1,1,-3,2,-3,-3,NA,NA,NA,NA,NA,NA,2,NA,NA,NA,NA,NA,NA,2,1,NA,NA,NA,NA,NA,NA,NA,2,2,2,1,1,2,3,3,2,2,1,1,1,1,1,1,2,2,2,1,1,2,1,2,1,4,4,3,2,3,4,10,9,5,1,10,3,2,4,NA,1,fujian,sanming,0,1,NA,NA,NA,25,20,1,NA,1,2,2,1,1,4,NA,26,NA,NA,,5,3,28,19,4,3,11,6,4,12,NA,NA,NA,NA,NA,NA,4,2,28,19,4,3,11,6,4,12,44.625,63,51.1,45,26.79048327
74,2,1429,CT2,439,2001/10/17 22:03,121.232.104.42,1,1,-3,1,-3,-3,NA,NA,NA,NA,NA,NA,1,NA,NA,NA,NA,NA,NA,1,3,NA,NA,NA,NA,NA,NA,NA,1,1,1,1,1,1,1,2,1,2,1,1,1,2,1,2,1,2,1,1,2,1,2,1,2,1,2,1,2,1,2,11,16,3,2,11,3,2,4,NA,1,hubei,wuhan,0,1,NA,NA,NA,50,27,1,NA,1,1,1,1,1,2,NA,30,NA,NA,,7,3,34,14,3,4,11,7,3,11,NA,NA,NA,NA,NA,NA,6,2,34,14,3,4,11,7,3,11,91.16666667,119,80.8,84,55.79588002
75,2,1430,CT2,522,2001/10/17 22:04,222.218.100.151,2,-3,2,-3,-3,-3,NA,NA,NA,NA,NA,NA,1,NA,NA,NA,NA,NA,NA,1,3,NA,NA,NA,NA,NA,NA,NA,3,2,2,1,2,2,2,1,1,3,2,1,3,2,1,2,2,1,2,1,3,2,2,2,3,2,1,2,3,2,1,10,1,4,2,12,3,2,4,NA,1,beijing,beijing,0,1,NA,NA,NA,5,20,1,NA,2,1,1,2,3,1,NA,6,NA,NA,,5,3,28,12,3,3,9,7,3,9,NA,NA,NA,NA,NA,NA,4,2,28,12,3,3,9,7,3,9,23.58333333,69,10.4,68,74.74850659
76,2,1431,CT2,697,2001/10/17 22:07,112.26.235.55,2,-3,1,-3,-3,2,NA,NA,NA,NA,NA,NA,2,NA,NA,NA,NA,NA,NA,2,1,NA,NA,NA,NA,NA,NA,NA,2,2,1,1,2,3,2,2,1,2,2,1,1,2,2,1,3,2,1,1,2,2,2,1,2,3,3,2,2,3,2,9,33,5,2,6,3,2,4,NA,1,anhui,liuan,0,1,NA,NA,NA,8,15,1,NA,1,1,2,1,1,3,NA,10,NA,NA,,6,3,28,17,3,3,11,5,4,10,NA,NA,NA,NA,NA,NA,5,2,28,17,3,3,11,5,4,10,93.5,114,97.4,55,45.50772468
77,2,1432,CT2,990,2001/10/17 22:18,42.92.91.195,1,1,-3,1,-3,-3,NA,NA,NA,NA,NA,NA,2,NA,NA,NA,NA,NA,NA,2,1,NA,NA,NA,NA,NA,NA,NA,1,1,1,1,1,4,2,2,2,2,1,1,1,1,2,1,1,2,1,1,2,2,2,1,1,3,4,4,3,4,4,11,38,4,2,10,3,2,4,NA,1,gansu,qingyang,0,1,NA,NA,NA,30,20,1,NA,2,2,1,1,1,6,NA,30,NA,NA,,7,3,29,19,3,3,11,7,4,11,NA,NA,NA,NA,NA,NA,6,2,29,19,3,3,11,7,4,11,23.20833333,33,21.9,27,34.63934776
78,2,1433,CT2,521,2001/10/17 22:24,219.235.2.142,1,1,-3,1,-3,-3,NA,NA,NA,NA,NA,NA,1,NA,NA,NA,NA,NA,NA,1,1,NA,NA,NA,NA,NA,NA,NA,1,1,1,1,1,1,2,2,2,2,1,1,1,1,1,2,1,1,1,2,1,1,1,2,1,3,2,2,1,1,3,4,7,4,2,12,3,2,3,NA,1,sichuan,meishan,0,1,NA,NA,NA,20,16,1,NA,1,2,1,1,1,4,NA,30,NA,NA,,7,3,32,16,4,4,11,8,3,12,NA,NA,NA,NA,NA,NA,6,2,32,16,4,4,11,8,3,12,29.70833333,47,26,46,59.61773178
79,2,1434,CT2,306,2001/10/17 22:27,39.186.158.42,2,-3,2,-3,-3,-3,NA,NA,NA,NA,NA,NA,2,NA,NA,NA,NA,NA,NA,2,1,NA,NA,NA,NA,NA,NA,NA,1,2,1,1,2,5,2,2,2,2,1,2,1,2,2,2,1,2,1,1,2,1,1,2,2,3,3,3,2,3,3,9,1,3,2,9,3,2,4,NA,0,zhejiang,shaoxing,0,1,NA,NA,NA,15,20,2,NA,-3,-3,-3,-3,-3,3,NA,6,NA,NA,,6,3,27,15,4,4,11,7,3,10,NA,NA,NA,NA,NA,NA,5,2,27,15,4,4,11,7,3,10,82.625,99,84.1,85,43.67855208
80,2,1435,CT2,376,2001/10/17 22:29,112.101.118.66,2,-3,2,-3,-3,-3,NA,NA,NA,NA,NA,NA,4,NA,NA,NA,NA,NA,NA,4,4,NA,NA,NA,NA,NA,NA,NA,1,1,1,1,2,1,3,2,1,1,1,1,1,1,1,1,1,1,1,2,1,1,2,1,1,4,4,3,2,3,3,1,15,4,2,6,1,1,4,NA,0,heilongjiang,daqing,0,1,NA,NA,NA,10,20,2,NA,-3,-3,-3,-3,-3,6,NA,6,NA,NA,,7,3,32,20,3,4,11,8,4,12,NA,NA,NA,NA,NA,NA,6,2,32,20,3,4,11,8,4,12,19.29166667,41,16.2,41,38.88038292
81,2,1436,CT2,352,2001/10/17 22:41,113.154.47.8,1,2,-3,-3,2,-3,NA,NA,NA,NA,NA,NA,2,NA,NA,NA,NA,NA,NA,3,4,NA,NA,NA,NA,NA,NA,NA,3,2,1,1,3,5,3,3,3,3,3,2,2,2,2,2,2,2,1,2,2,1,3,3,2,2,4,3,3,3,3,8,6,3,1,10,1,1,4,NA,0,shanghai,shanghai,0,1,NA,NA,NA,16,8,2,NA,-3,-3,-3,-3,-3,1,NA,18,NA,NA,,6,3,18,14,2,4,10,6,3,9,NA,NA,NA,NA,NA,NA,5,2,18,14,2,4,10,6,3,9,81.04166667,96,86.3,71,44.1809673
82,2,1437,CT2,431,2001/10/17 22:54,42.49.28.27,2,-3,1,-3,-3,1,NA,NA,NA,NA,NA,NA,4,NA,NA,NA,NA,NA,NA,3,1,NA,NA,NA,NA,NA,NA,NA,5,2,3,2,3,4,3,3,3,3,3,2,2,2,3,2,2,2,1,2,4,3,2,2,2,2,2,2,1,2,3,4,7,2,1,2,1,1,3,NA,1,anhui,hefei,0,1,NA,NA,NA,10,25,1,NA,1,1,2,2,3,1,NA,14,NA,NA,,4,1,17,13,3,2,8,6,3,8,NA,NA,NA,NA,NA,NA,4,1,17,13,3,2,8,6,3,8,116.75,127,121.8,82,56.73333461
83,2,1438,CT2,492,2001/10/17 22:55,113.128.72.50,2,-3,1,-3,-3,2,NA,NA,NA,NA,NA,NA,2,NA,NA,NA,NA,NA,NA,2,1,NA,NA,NA,NA,NA,NA,NA,1,1,1,1,1,1,3,4,3,3,2,2,2,1,1,1,1,1,2,1,1,1,1,2,2,4,3,2,2,4,4,8,7,4,1,11,3,2,3,NA,1,shandong,jinan,0,1,NA,NA,NA,10,15,2,NA,-3,-3,-3,-3,-3,4,NA,10,NA,NA,,7,3,26,16,4,4,11,8,4,11,NA,NA,NA,NA,NA,NA,6,2,26,16,4,4,11,8,4,11,111.7916667,147,102.9,90,76.08855271
84,2,1439,CT2,488,2001/10/17 23:17,171.118.204.65,1,1,-3,1,-3,-3,NA,NA,NA,NA,NA,NA,3,NA,NA,NA,NA,NA,NA,1,1,NA,NA,NA,NA,NA,NA,NA,5,2,2,1,2,4,2,2,2,2,2,2,3,2,2,2,2,2,2,2,2,2,2,2,2,2,2,2,2,2,2,8,20,6,2,9,3,2,4,NA,1,shanxi,taiyuan,0,1,NA,NA,NA,30,120,1,NA,1,2,2,2,2,1,NA,30,NA,NA,,5,3,23,13,3,3,9,6,3,8,NA,NA,NA,NA,NA,NA,4,2,23,13,3,3,9,6,3,8,47.91666667,72,41.4,57,66.43119059
85,2,1440,CT2,378,2001/10/17 23:19,123.72.46.129,2,-3,2,-3,-3,-3,NA,NA,NA,NA,NA,NA,2,NA,NA,NA,NA,NA,NA,2,2,NA,NA,NA,NA,NA,NA,NA,3,2,2,1,2,3,2,3,3,2,2,2,2,3,3,3,3,2,2,3,2,2,3,2,3,3,3,2,3,2,3,7,34,4,1,11,3,2,4,NA,1,jiangsu,suzhou,0,1,NA,NA,NA,8,8,1,NA,2,1,2,2,2,1,NA,6,NA,NA,,5,3,24,14,2,3,8,5,2,7,NA,NA,NA,NA,NA,NA,4,2,24,14,2,3,8,5,2,7,107.1666667,135,101.6,108,45.62408906
86,2,1441,CT2,637,2001/10/17 23:27,119.34.252.32,2,-3,2,-3,-3,-3,NA,NA,NA,NA,NA,NA,4,NA,NA,NA,NA,NA,NA,3,3,NA,NA,NA,NA,NA,NA,NA,1,2,1,1,3,4,3,3,3,3,2,2,2,2,3,2,3,3,2,2,2,2,3,2,2,3,3,3,3,3,3,6,9,2,2,9,1,1,4,NA,1,guangdong,guangzhou,0,1,NA,NA,NA,10,15,2,NA,-3,-3,-3,-3,-3,1,NA,6,NA,NA,,6,3,22,15,2,3,9,4,3,8,NA,NA,NA,NA,NA,NA,5,2,22,15,2,3,9,4,3,8,60.20833333,82,55.2,82,35.52303554
87,2,1442,CT2,412,2001/10/17 23:58,49.211.54.221,2,-3,1,-3,-3,2,NA,NA,NA,NA,NA,NA,2,NA,NA,NA,NA,NA,NA,1,1,NA,NA,NA,NA,NA,NA,NA,1,2,2,1,2,3,1,1,1,4,1,1,1,1,1,1,1,1,2,2,2,3,4,2,2,2,1,2,1,3,3,6,12,4,1,15,3,2,5,NA,1,hubei,wuhan,0,1,NA,NA,NA,6,38,2,NA,-3,-3,-3,-3,-3,4,NA,10,NA,NA,,5,3,30,13,1,2,9,8,4,12,NA,NA,NA,NA,NA,NA,4,2,30,13,1,2,9,8,4,12,91.16666667,119,80.8,95,55.79588002
88,2,1443,CT2,318,2001/11/17 0:01,219.139.32.217,1,2,-3,-3,1,-3,NA,NA,NA,NA,NA,NA,2,NA,NA,NA,NA,NA,NA,2,2,NA,NA,NA,NA,NA,NA,NA,1,1,1,1,1,1,3,3,3,2,1,1,2,2,1,2,1,2,1,1,2,1,2,1,1,3,3,4,2,3,2,6,14,4,1,11,3,2,4,NA,0,shanghai,shanghai,0,1,NA,NA,NA,25,18,1,NA,1,2,1,1,1,6,NA,22,NA,NA,,7,3,29,18,3,4,11,7,3,10,NA,NA,NA,NA,NA,NA,6,2,29,18,3,4,11,7,3,10,30.95833333,58,27.4,58,44.15592048
89,2,1444,CT2,366,2001/11/17 0:15,111.167.104.64,1,1,-3,1,-3,-3,NA,NA,NA,NA,NA,NA,1,NA,NA,NA,NA,NA,NA,1,4,NA,NA,NA,NA,NA,NA,NA,1,1,1,1,1,1,2,2,1,1,1,1,1,1,1,1,1,1,1,1,1,1,1,1,1,1,1,3,3,3,4,8,29,4,2,14,3,2,4,NA,0,tianjin,tianjin,0,1,NA,NA,NA,30,30,2,NA,-3,-3,-3,-3,-3,6,NA,30,NA,NA,,7,3,34,14,4,4,12,8,4,12,NA,NA,NA,NA,NA,NA,6,2,34,14,4,4,12,8,4,12,134.7083333,243,144.3,68,71.28659724
90,2,1445,CT2,511,2001/11/17 0:19,111.173.150.243,2,-3,1,-3,-3,2,NA,NA,NA,NA,NA,NA,2,NA,NA,NA,NA,NA,NA,2,1,NA,NA,NA,NA,NA,NA,NA,2,2,1,1,2,4,2,3,2,2,1,2,2,1,2,2,2,3,1,1,1,2,1,2,2,3,2,3,2,2,3,7,7,3,1,10,3,2,4,NA,0,hubei,wuhan,0,1,NA,NA,NA,15,10,1,NA,1,2,1,1,1,3,NA,10,NA,NA,,6,3,26,14,4,3,12,5,3,10,NA,NA,NA,NA,NA,NA,5,2,26,14,4,3,12,5,3,10,113.625,128,119.6,95,55.88799144
1,2,1446,CT3,356,1-16-17 17:48,117.10.135.33,1,1,-3,1,-3,-3,NA,NA,NA,NA,NA,NA,3,NA,NA,NA,NA,NA,NA,1,3,NA,NA,NA,NA,NA,NA,NA,1,1,1,1,1,1,2,2,2,2,1,2,1,1,2,1,1,1,1,1,1,1,1,1,1,1,1,1,1,1,2,7,12,3,2,2,3,1,4,NA,0,anhui,hefei,0,1,NA,NA,NA,40,35,1,NA,1,1,1,1,1,5,NA,30,NA,NA,,7,3,32,13,4,4,12,8,4,11,NA,NA,NA,NA,NA,NA,6,2,32,13,4,4,12,8,4,11,46.08333333,73,45.9,42,56.5276627
2,2,1447,CT3,458,1-16-17 17:49,218.19.155.14,1,1,-3,1,-3,-3,NA,NA,NA,NA,NA,NA,3,NA,NA,NA,NA,NA,NA,1,1,NA,NA,NA,NA,NA,NA,NA,1,2,1,1,1,1,3,3,2,3,2,2,1,2,2,2,1,1,2,1,1,1,2,1,2,3,2,3,3,2,3,8,16,3,2,4,3,1,4,NA,0,guangdong,guangzhou,0,1,NA,NA,NA,35,30,1,NA,1,1,1,1,1,4,NA,30,NA,NA,,6,3,28,15,3,4,11,8,3,10,NA,NA,NA,NA,NA,NA,5,2,28,15,3,4,11,8,3,10,28.66666667,38,32.8,35,35.56346564
3,2,1448,CT3,526,1-16-17 18:07,116.16.168.137,2,-3,2,-3,-3,-3,NA,NA,NA,NA,NA,NA,1,NA,NA,NA,NA,NA,NA,2,2,NA,NA,NA,NA,NA,NA,NA,2,2,1,1,2,1,2,2,2,2,1,1,1,2,2,1,1,1,1,1,1,2,2,1,1,4,4,3,3,3,2,7,34,2,1,1,1,1,4,NA,0,guangdong,shenzhen,0,1,NA,NA,NA,10,15,1,NA,1,2,1,2,1,4,NA,6,NA,NA,,6,3,30,20,3,3,12,8,4,10,NA,NA,NA,NA,NA,NA,5,2,30,20,3,3,12,8,4,10,25.58333333,33,26.5,31,26.8802555
4,2,1449,CT3,492,1-16-17 18:13,124.203.159.84,2,-3,1,-3,-3,2,NA,NA,NA,NA,NA,NA,2,NA,NA,NA,NA,NA,NA,2,2,NA,NA,NA,NA,NA,NA,NA,3,2,1,1,3,2,3,3,3,2,1,2,1,2,2,1,1,2,1,1,1,2,2,1,1,3,4,3,1,3,2,6,12,4,1,11,3,3,5,NA,1,henan,luoyang,0,1,NA,NA,NA,10,15,2,NA,-3,-3,-3,-3,-3,3,NA,10,NA,NA,,6,3,24,18,3,3,12,7,4,10,NA,NA,NA,NA,NA,NA,5,2,24,18,3,3,12,7,4,10,150.8333333,182,149.3,150,71.63020013
5,2,1450,CT3,597,1-16-17 18:22,120.239.38.92,2,-3,2,-3,-3,-3,NA,NA,NA,NA,NA,NA,1,NA,NA,NA,NA,NA,NA,2,1,NA,NA,NA,NA,NA,NA,NA,2,1,1,1,2,4,2,2,2,2,1,1,1,1,2,1,1,1,1,1,1,1,1,1,1,1,1,1,1,1,1,10,34,4,1,14,1,1,1,NA,1,guangdong,maoming,0,1,NA,NA,NA,50,40,1,NA,1,1,1,1,1,5,NA,6,NA,NA,,7,3,27,14,4,4,12,8,4,11,NA,NA,NA,NA,NA,NA,6,2,27,14,4,4,12,8,4,11,15.33333333,26,14.1,15,27.74237911
6,2,1451,CT3,378,1-16-17 18:41,116.237.197.249,1,1,-3,1,-3,-3,NA,NA,NA,NA,NA,NA,2,NA,NA,NA,NA,NA,NA,1,1,NA,NA,NA,NA,NA,NA,NA,3,1,1,1,2,1,3,3,3,2,1,1,2,1,1,2,3,4,1,1,2,1,3,2,2,3,2,3,2,1,3,10,32,6,1,11,3,2,2,NA,1,shanghai,shanghai,0,1,NA,NA,NA,50,38,1,NA,2,1,1,1,1,3,NA,30,NA,NA,,7,3,26,15,2,4,11,3,3,11,NA,NA,NA,NA,NA,NA,6,2,26,15,2,4,11,3,3,11,17.45833333,25,18.9,16,42.98864317
7,2,1452,CT3,401,1-16-17 18:45,117.91.7.155,2,-3,2,-3,-3,-3,NA,NA,NA,NA,NA,NA,3,NA,NA,NA,NA,NA,NA,2,3,NA,NA,NA,NA,NA,NA,NA,3,2,1,1,3,5,3,3,3,3,3,2,2,2,2,2,2,2,2,3,2,2,2,2,2,2,2,2,2,2,2,7,33,3,2,7,1,1,4,NA,0,jiangsu,yangzhou,0,1,NA,NA,NA,10,15,1,NA,2,2,2,2,2,1,NA,6,NA,NA,,6,3,18,13,3,3,8,6,3,9,NA,NA,NA,NA,NA,NA,5,2,18,13,3,3,8,6,3,9,36.125,43,36.1,32,49.55940043
8,2,1453,CT3,529,1-16-17 18:48,122.157.112.146,2,-3,1,-3,-3,2,NA,NA,NA,NA,NA,NA,2,NA,NA,NA,NA,NA,NA,2,2,NA,NA,NA,NA,NA,NA,NA,3,3,2,1,3,5,3,3,3,3,2,2,1,2,2,2,1,3,2,2,2,2,2,2,2,2,2,3,2,2,3,7,30,4,1,6,3,2,2,NA,1,heilongjiang,qiqihaer,0,1,NA,NA,NA,9,10,2,NA,-3,-3,-3,-3,-3,1,NA,10,NA,NA,,4,3,19,13,3,3,9,6,3,10,NA,NA,NA,NA,NA,NA,3,2,19,13,3,3,9,6,3,10,75.33333333,128,67,53,38.08970288
9,2,1454,CT3,737,1-16-17 19:04,123.181.183.101,2,-3,1,-3,-3,2,NA,NA,NA,NA,NA,NA,2,NA,NA,NA,NA,NA,NA,2,2,NA,NA,NA,NA,NA,NA,NA,1,2,1,1,1,5,1,1,1,1,1,1,1,2,2,1,1,2,1,2,1,1,2,1,1,3,3,4,3,3,3,9,12,3,2,12,3,2,3,NA,1,beijing,beijing,0,1,NA,NA,NA,10,9,1,NA,2,2,1,1,1,6,NA,10,NA,NA,,6,3,32,18,3,4,11,7,4,10,NA,NA,NA,NA,NA,NA,5,2,32,18,3,4,11,7,4,10,92.91666667,121,85.2,108,74.46035592
10,2,1455,CT3,678,1-16-17 19:27,180.142.216.191,2,-3,2,-3,-3,-3,NA,NA,NA,NA,NA,NA,4,NA,NA,NA,NA,NA,NA,1,3,NA,NA,NA,NA,NA,NA,NA,2,2,1,1,2,1,3,3,3,1,1,2,2,2,2,3,2,2,2,2,2,1,3,2,2,2,4,3,2,3,3,8,14,3,1,10,1,1,4,NA,1,anhui,hefei,0,1,NA,NA,NA,20,15,2,NA,-3,-3,-3,-3,-3,1,NA,6,NA,NA,,6,3,28,15,2,4,9,6,2,9,NA,NA,NA,NA,NA,NA,5,2,28,15,2,4,9,6,2,9,46.08333333,73,45.9,50,56.5276627
11,2,1456,CT3,712,1-16-17 19:35,183.44.99.153,1,1,-3,2,-3,-3,NA,NA,NA,NA,NA,NA,3,NA,NA,NA,NA,NA,NA,2,3,NA,NA,NA,NA,NA,NA,NA,2,1,1,1,2,3,2,2,1,1,1,1,1,2,1,1,2,2,1,1,2,2,2,2,1,2,3,2,2,1,2,8,22,2,1,1,1,1,2,NA,0,guangdong,guangzhou,0,1,NA,NA,NA,20,35,1,NA,1,1,1,2,2,2,NA,26,NA,NA,,7,3,30,16,3,3,11,6,4,11,NA,NA,NA,NA,NA,NA,6,2,30,16,3,3,11,6,4,11,28.66666667,38,32.8,37,35.56346564
12,2,1457,CT3,380,1-16-17 19:41,219.132.23.34,1,1,-3,2,-3,-3,NA,NA,NA,NA,NA,NA,2,NA,NA,NA,NA,NA,NA,1,4,NA,NA,NA,NA,NA,NA,NA,5,1,1,1,2,2,1,1,2,1,2,2,2,1,2,1,2,1,2,1,2,1,1,1,2,1,1,2,1,2,2,9,27,4,2,14,3,2,4,NA,1,guangdong,guangzhou,0,1,NA,NA,NA,16,15,1,NA,1,2,1,2,1,2,NA,26,NA,NA,,7,3,28,12,4,4,10,7,4,10,NA,NA,NA,NA,NA,NA,6,2,28,12,4,4,10,7,4,10,28.66666667,38,32.8,37,35.56346564
13,2,1458,CT3,295,1-16-17 19:45,113.2.252.173,1,1,-3,1,-3,-3,NA,NA,NA,NA,NA,NA,3,NA,NA,NA,NA,NA,NA,1,1,NA,NA,NA,NA,NA,NA,NA,4,2,1,1,1,4,2,2,2,2,2,1,1,1,1,1,1,1,1,1,1,1,1,1,1,1,1,1,1,1,1,10,12,4,1,11,3,2,4,NA,0,beijing,beijing,0,1,NA,NA,NA,20,20,1,NA,2,2,2,2,2,5,NA,30,NA,NA,,6,3,25,14,4,4,12,8,4,12,NA,NA,NA,NA,NA,NA,5,2,25,14,4,4,12,8,4,12,92.91666667,121,85.2,108,74.46035592
14,2,1459,CT3,747,1-16-17 19:49,223.102.8.216,2,-3,2,-3,-3,-3,NA,NA,NA,NA,NA,NA,4,NA,NA,NA,NA,NA,NA,2,3,NA,NA,NA,NA,NA,NA,NA,4,1,2,2,3,2,3,1,2,3,1,2,3,1,4,1,2,2,3,3,4,1,3,1,3,1,2,2,3,1,2,9,1,4,1,9,3,2,4,NA,0,jiangxi,ganzhou,0,1,NA,NA,NA,12,15,1,NA,2,2,1,3,2,1,NA,6,NA,NA,,6,1,25,12,2,4,5,6,4,7,NA,NA,NA,NA,NA,NA,5,1,25,12,2,4,5,6,4,7,72.66666667,77,73.4,63,44.3565009
15,2,1460,CT3,387,1-16-17 19:56,42.198.137.152,1,2,-3,-3,2,-3,NA,NA,NA,NA,NA,NA,2,NA,NA,NA,NA,NA,NA,2,2,NA,NA,NA,NA,NA,NA,NA,2,2,1,1,2,4,3,3,3,2,1,1,2,2,1,1,2,2,2,1,2,1,1,1,1,3,2,2,1,1,3,8,23,3,1,8,1,1,5,NA,0,guangdong,shenzhen,0,1,NA,NA,NA,20,30,2,NA,-3,-3,-3,-3,-3,2,NA,18,NA,NA,,6,3,24,17,4,4,10,6,4,10,NA,NA,NA,NA,NA,NA,5,2,24,17,4,4,10,6,4,10,25.58333333,33,26.5,33,26.8802555
16,2,1461,CT3,817,1-16-17 20:04,115.208.67.251,2,-3,2,-3,-3,-3,NA,NA,NA,NA,NA,NA,3,NA,NA,NA,NA,NA,NA,2,2,NA,NA,NA,NA,NA,NA,NA,1,1,1,1,1,1,2,2,2,2,1,1,1,2,1,1,1,1,1,1,1,1,2,1,1,3,4,2,2,3,3,6,13,4,1,14,3,2,4,NA,1,hubei,wuhan,0,1,NA,NA,NA,30,30,1,NA,1,1,1,1,1,6,NA,6,NA,NA,,7,3,32,19,3,4,12,8,4,11,NA,NA,NA,NA,NA,NA,6,2,32,19,3,4,12,8,4,11,69.58333333,90,76.9,61,55.23318665
17,2,1462,CT3,615,1-16-17 20:15,123.130.40.8,1,2,-3,-3,2,-3,NA,NA,NA,NA,NA,NA,4,NA,NA,NA,NA,NA,NA,2,2,NA,NA,NA,NA,NA,NA,NA,1,1,1,1,1,1,2,2,1,1,1,1,1,2,1,2,1,1,1,1,1,1,2,1,2,1,1,1,2,4,3,8,7,3,1,2,3,2,3,NA,0,shandong,yantai,0,1,NA,NA,NA,18,18,1,NA,1,1,1,1,1,5,NA,18,NA,NA,,7,3,34,13,3,4,12,8,3,11,NA,NA,NA,NA,NA,NA,6,2,34,13,3,4,12,8,3,11,45.95833333,73,44.7,58,38.98047564
18,2,1463,CT3,307,1-16-17 20:16,58.216.158.242,2,-3,2,-3,-3,-3,NA,NA,NA,NA,NA,NA,1,NA,NA,NA,NA,NA,NA,2,3,NA,NA,NA,NA,NA,NA,NA,3,2,2,1,2,3,2,3,2,3,2,2,2,3,2,2,3,3,3,3,2,2,2,2,2,2,3,2,3,2,3,6,1,2,1,12,2,1,4,NA,0,anhui,hefei,0,1,NA,NA,NA,100,60,1,NA,2,2,3,2,2,1,NA,6,NA,NA,,5,3,24,14,3,3,7,4,3,8,NA,NA,NA,NA,NA,NA,4,2,24,14,3,3,7,4,3,8,46.08333333,73,45.9,67,56.5276627
19,2,1464,CT3,425,1-16-17 20:19,117.152.76.193,1,1,-3,1,-3,-3,NA,NA,NA,NA,NA,NA,1,NA,NA,NA,NA,NA,NA,1,1,NA,NA,NA,NA,NA,NA,NA,1,1,1,1,1,1,2,2,1,2,1,1,1,1,2,1,2,3,1,1,1,1,1,1,1,4,4,3,1,1,4,8,7,5,1,2,4,1,3,NA,1,hubei,wuhan,0,1,NA,NA,NA,15,18,2,NA,-3,-3,-3,-3,-3,6,NA,30,NA,NA,,7,3,33,20,4,4,12,5,4,11,NA,NA,NA,NA,NA,NA,6,2,33,20,4,4,12,5,4,11,69.58333333,90,76.9,61,55.23318665
20,2,1465,CT3,605,1-16-17 20:24,39.71.59.170,1,1,-3,1,-3,-3,NA,NA,NA,NA,NA,NA,1,NA,NA,NA,NA,NA,NA,2,1,NA,NA,NA,NA,NA,NA,NA,1,2,1,1,2,1,2,3,2,3,1,2,1,1,2,1,2,1,1,1,2,1,2,2,2,3,3,3,2,3,3,9,12,4,2,12,3,3,6,NA,1,shandong,jinan,0,1,NA,NA,NA,40,35,2,NA,-3,-3,-3,-3,-3,3,NA,30,NA,NA,,6,3,29,15,3,4,11,7,4,11,NA,NA,NA,NA,NA,NA,5,2,29,15,3,4,11,7,4,11,104.375,161,97,123,75.96089129
21,2,1466,CT3,408,1-16-17 20:40,175.147.92.225,2,-3,1,-3,-3,2,NA,NA,NA,NA,NA,NA,3,NA,NA,NA,NA,NA,NA,2,4,NA,NA,NA,NA,NA,NA,NA,2,2,1,1,2,3,1,2,1,2,1,2,1,1,2,1,1,2,1,2,1,1,2,2,1,3,4,3,2,4,3,8,24,3,2,9,3,2,4,NA,0,beijing,beijing,0,1,NA,NA,NA,25,30,1,NA,1,2,1,1,2,4,NA,10,NA,NA,,6,3,30,17,3,4,11,7,4,11,NA,NA,NA,NA,NA,NA,5,2,30,17,3,4,11,7,4,11,92.91666667,121,85.2,118,74.46035592
22,2,1467,CT3,1134,1-16-17 20:40,112.26.235.73,1,1,-3,1,-3,-3,NA,NA,NA,NA,NA,NA,1,NA,NA,NA,NA,NA,NA,2,1,NA,NA,NA,NA,NA,NA,NA,1,2,1,1,2,1,2,2,1,2,1,1,1,1,2,2,2,1,1,1,2,1,3,2,1,3,4,3,2,4,4,6,9,4,2,12,3,2,4,NA,1,anhui,liuan,0,1,NA,NA,NA,28,28,2,NA,-3,-3,-3,-3,-3,4,NA,30,NA,NA,,6,3,32,18,2,4,11,7,3,11,NA,NA,NA,NA,NA,NA,5,2,32,18,2,4,11,7,3,11,41.79166667,58,40,57,45.28409624
23,2,1468,CT3,304,1-16-17 21:11,115.47.18.185,1,1,-3,1,-3,-3,NA,NA,NA,NA,NA,NA,3,NA,NA,NA,NA,NA,NA,1,1,NA,NA,NA,NA,NA,NA,NA,4,1,1,2,2,4,2,3,2,4,3,2,2,1,3,2,2,1,1,1,2,1,3,2,1,1,2,2,2,1,2,9,13,3,2,10,3,1,4,NA,0,beijing,beijing,0,1,NA,NA,NA,20,22,1,NA,2,1,3,3,2,2,NA,30,NA,NA,,7,1,20,13,2,4,11,7,3,9,NA,NA,NA,NA,NA,NA,6,1,20,13,2,4,11,7,3,9,92.91666667,121,85.2,121,74.46035592
24,2,1469,CT3,558,1-16-17 21:19,101.73.24.224,1,1,-3,1,-3,-3,NA,NA,NA,NA,NA,NA,2,NA,NA,NA,NA,NA,NA,1,1,NA,NA,NA,NA,NA,NA,NA,2,2,2,1,2,3,3,3,3,3,2,2,2,1,2,2,1,3,1,1,2,1,2,1,1,4,3,3,2,3,3,7,16,4,2,12,3,2,5,NA,0,hebei,shijiazhuang,0,1,NA,NA,NA,30,25,1,NA,1,2,1,1,1,3,NA,30,NA,NA,,5,3,23,18,3,4,11,6,3,10,NA,NA,NA,NA,NA,NA,4,2,23,18,3,4,11,6,3,10,177.75,253,168.5,146,96.44281428
25,2,1470,CT3,693,1-16-17 21:26,223.72.175.41,1,1,-3,1,-3,-3,NA,NA,NA,NA,NA,NA,1,NA,NA,NA,NA,NA,NA,1,4,NA,NA,NA,NA,NA,NA,NA,5,1,2,1,1,4,2,2,1,2,3,2,1,2,2,1,2,1,2,1,1,2,1,2,1,1,2,2,1,2,2,10,14,3,2,8,3,1,4,NA,0,beijing,beijing,0,1,NA,NA,NA,20,26,1,NA,2,1,2,1,1,2,NA,30,NA,NA,,6,3,24,13,4,3,11,7,4,10,NA,NA,NA,NA,NA,NA,5,2,24,13,4,3,11,7,4,10,92.91666667,121,85.2,121,74.46035592
26,2,1471,CT3,632,1-16-17 21:43,36.22.33.14,1,2,-3,-3,1,-3,NA,NA,NA,NA,NA,NA,2,NA,NA,NA,NA,NA,NA,2,1,NA,NA,NA,NA,NA,NA,NA,1,2,1,1,1,2,2,2,1,1,1,1,1,2,1,1,2,3,1,1,2,2,3,2,1,3,4,3,2,4,3,5,27,4,2,12,3,2,4,NA,1,zhejiang,ningbo,0,1,NA,NA,NA,22,20,2,NA,-3,-3,-3,-3,-3,3,NA,22,NA,NA,,6,3,33,18,2,3,11,5,4,11,NA,NA,NA,NA,NA,NA,5,2,33,18,2,3,11,5,4,11,19.79166667,48,12.7,25,36.80939705
27,2,1472,CT3,734,1-16-17 21:51,223.73.171.213,1,1,-3,2,-3,-3,NA,NA,NA,NA,NA,NA,3,NA,NA,NA,NA,NA,NA,1,1,NA,NA,NA,NA,NA,NA,NA,5,2,1,1,1,4,2,2,1,1,2,1,2,1,1,1,2,3,1,1,1,2,2,1,1,3,2,3,2,2,3,8,18,4,1,4,2,2,4,NA,0,guangdong,guangzhou,0,1,NA,NA,NA,24,32,1,NA,1,1,1,1,1,2,NA,26,NA,NA,,6,3,26,17,3,3,12,5,4,11,NA,NA,NA,NA,NA,NA,5,2,26,17,3,3,12,5,4,11,28.66666667,38,32.8,38,35.56346564
28,2,1473,CT3,852,1-16-17 21:57,106.114.103.4,2,-3,2,-3,-3,-3,NA,NA,NA,NA,NA,NA,1,NA,NA,NA,NA,NA,NA,2,2,NA,NA,NA,NA,NA,NA,NA,5,2,2,2,2,6,3,3,3,3,3,2,1,2,2,2,2,1,1,1,2,1,2,2,2,3,3,2,2,3,3,8,23,4,2,11,3,3,4,NA,0,beijing,beijing,0,1,NA,NA,NA,10,12,1,NA,1,3,1,1,1,1,NA,6,NA,NA,,5,1,16,15,3,4,11,7,3,10,NA,NA,NA,NA,NA,NA,4,1,16,15,3,4,11,7,3,10,92.91666667,121,85.2,121,74.46035592
29,2,1474,CT3,831,1-16-17 22:01,111.177.189.101,1,1,-3,1,-3,-3,NA,NA,NA,NA,NA,NA,1,NA,NA,NA,NA,NA,NA,1,1,NA,NA,NA,NA,NA,NA,NA,1,2,2,1,2,5,3,2,2,1,1,2,1,1,2,2,1,2,1,1,2,1,2,2,2,3,4,3,2,1,3,6,16,4,2,11,4,2,4,NA,1,hubei,wuhan,0,1,NA,NA,NA,30,30,1,NA,1,2,1,1,1,3,NA,30,NA,NA,,5,3,27,16,3,4,11,7,3,11,NA,NA,NA,NA,NA,NA,4,2,27,16,3,4,11,7,3,11,69.58333333,90,76.9,67,55.23318665
30,2,1475,CT3,433,1-16-17 22:03,122.236.68.161,1,1,-3,1,-3,-3,NA,NA,NA,NA,NA,NA,2,NA,NA,NA,NA,NA,NA,1,1,NA,NA,NA,NA,NA,NA,NA,1,1,1,1,2,1,3,3,3,2,2,1,1,2,2,2,1,2,1,1,1,1,2,2,2,3,3,3,1,3,3,8,8,3,2,4,3,1,4,NA,0,zhejiang,hangzhou,0,1,NA,NA,NA,40,15,2,NA,-3,-3,-3,-3,-3,4,NA,30,NA,NA,,7,3,27,16,3,4,12,7,3,10,NA,NA,NA,NA,NA,NA,6,2,27,16,3,4,12,7,3,10,39.33333333,51,44.3,42,45.93097725
31,2,1476,CT3,3548,1-16-17 22:04,116.11.198.245,1,1,-3,1,-3,-3,NA,NA,NA,NA,NA,NA,1,NA,NA,NA,NA,NA,NA,1,1,NA,NA,NA,NA,NA,NA,NA,3,1,1,1,2,3,2,2,2,2,1,1,1,1,2,1,1,2,1,1,2,1,1,1,1,2,1,4,3,1,3,10,23,3,1,10,3,2,5,NA,1,guangxi,nanning,0,1,NA,NA,NA,60,50,1,NA,1,1,1,1,2,4,NA,30,NA,NA,,7,3,27,15,4,4,11,7,4,11,NA,NA,NA,NA,NA,NA,6,2,27,15,4,4,11,7,4,11,44.66666667,53,49.3,41,36.20602689
32,2,1477,CT3,394,1-16-17 22:23,124.14.244.97,2,-3,1,-3,-3,1,NA,NA,NA,NA,NA,NA,1,NA,NA,NA,NA,NA,NA,2,1,NA,NA,NA,NA,NA,NA,NA,1,1,1,1,1,1,1,2,1,2,1,1,1,2,1,1,2,1,1,2,2,1,1,1,2,4,3,4,1,3,3,7,16,4,2,11,3,2,4,NA,0,beijing,beijing,0,1,NA,NA,NA,14,12,1,NA,2,1,2,1,2,6,NA,14,NA,NA,,7,3,34,18,4,4,10,7,4,11,NA,NA,NA,NA,NA,NA,6,2,34,18,4,4,10,7,4,11,92.91666667,121,85.2,120,74.46035592
33,2,1478,CT3,404,1-16-17 22:24,110.241.21.216,1,2,-3,-3,2,-3,NA,NA,NA,NA,NA,NA,2,NA,NA,NA,NA,NA,NA,1,2,NA,NA,NA,NA,NA,NA,NA,2,2,1,1,2,1,3,3,3,3,3,2,2,2,2,1,2,3,1,1,1,1,3,2,2,3,4,3,3,3,2,7,16,3,2,11,3,2,4,NA,0,hubei,shijiazhuang,0,1,NA,NA,NA,20,20,2,NA,-3,-3,-3,-3,-3,3,NA,18,NA,NA,,6,3,24,16,2,4,12,5,4,9,NA,NA,NA,NA,NA,NA,5,2,24,16,2,4,12,5,4,9,177.75,253,168.5,144,96.44281428
34,2,1479,CT3,618,1-16-17 22:33,113.44.20.133,2,-3,2,-3,-3,-3,NA,NA,NA,NA,NA,NA,2,NA,NA,NA,NA,NA,NA,1,2,NA,NA,NA,NA,NA,NA,NA,3,2,1,1,3,4,3,4,3,2,2,2,2,2,3,2,3,3,2,2,2,1,3,2,2,2,3,2,1,3,2,3,36,2,1,9,1,1,4,NA,1,beijing,beijing,0,1,NA,NA,NA,7,15,2,NA,-3,-3,-3,-3,-3,1,NA,6,NA,NA,,6,3,20,14,2,4,9,4,3,8,NA,NA,NA,NA,NA,NA,5,2,20,14,2,4,9,4,3,8,92.91666667,121,85.2,120,74.46035592
35,2,1480,CT3,334,1-16-17 22:48,183.245.232.60,2,-3,1,-3,-3,1,NA,NA,NA,NA,NA,NA,4,NA,NA,NA,NA,NA,NA,2,2,NA,NA,NA,NA,NA,NA,NA,1,1,1,1,2,4,3,3,3,2,2,2,2,2,2,2,3,3,2,2,2,2,2,2,2,2,2,3,3,4,4,5,33,3,2,1,1,1,4,NA,0,zhejiang,hangzhou,0,1,NA,NA,NA,12,25,2,NA,-3,-3,-3,-3,-3,1,NA,14,NA,NA,,7,3,24,13,3,3,9,4,3,9,NA,NA,NA,NA,NA,NA,6,2,24,13,3,3,9,4,3,9,39.33333333,51,44.3,42,45.93097725
36,2,1481,CT3,423,1-16-17 22:53,119.98.156.188,2,-3,2,-3,-3,-3,NA,NA,NA,NA,NA,NA,3,NA,NA,NA,NA,NA,NA,2,4,NA,NA,NA,NA,NA,NA,NA,4,2,1,1,1,2,3,4,3,3,4,2,3,4,3,3,3,3,1,2,2,1,2,2,1,2,2,1,2,3,2,11,16,5,1,11,3,2,4,NA,0,hubei,wuhan,0,1,NA,NA,NA,41,5,2,NA,-3,-3,-3,-3,-3,1,NA,6,NA,NA,,6,3,20,14,3,4,10,4,2,5,NA,NA,NA,NA,NA,NA,5,2,20,14,3,4,10,4,2,5,69.58333333,90,76.9,67,55.23318665
37,2,1482,CT3,384,1-16-17 23:10,120.239.184.142,1,1,-3,1,-3,-3,NA,NA,NA,NA,NA,NA,1,NA,NA,NA,NA,NA,NA,1,2,NA,NA,NA,NA,NA,NA,NA,1,1,1,1,1,1,2,2,2,1,2,1,1,1,2,1,2,1,1,1,1,1,2,1,1,4,4,1,1,4,4,9,16,4,2,11,3,2,4,NA,0,guangdong,shenzhen,0,1,NA,NA,NA,50,60,1,NA,1,1,1,2,1,6,NA,30,NA,NA,,7,3,32,20,3,4,12,7,4,11,NA,NA,NA,NA,NA,NA,6,2,32,20,3,4,12,7,4,11,25.58333333,33,26.5,27,26.8802555
38,2,1483,CT3,619,1-16-17 23:28,183.214.200.252,1,2,-3,-3,2,-3,NA,NA,NA,NA,NA,NA,1,NA,NA,NA,NA,NA,NA,2,1,NA,NA,NA,NA,NA,NA,NA,1,1,1,1,1,5,3,3,3,3,2,1,1,1,1,1,1,2,1,1,1,2,2,1,1,3,4,2,3,3,1,11,16,4,1,11,3,2,4,NA,1,hunan,changsha,0,1,NA,NA,NA,20,27,2,NA,-3,-3,-3,-3,-3,4,NA,18,NA,NA,,7,3,23,19,3,3,12,7,4,12,NA,NA,NA,NA,NA,NA,6,2,23,19,3,3,12,7,4,12,67.83333333,104,71,104,53.00734928
39,2,1484,CT3,337,1-16-17 23:49,175.42.44.154,1,1,-3,2,-3,-3,NA,NA,NA,NA,NA,NA,2,NA,NA,NA,NA,NA,NA,1,4,NA,NA,NA,NA,NA,NA,NA,1,1,1,2,1,1,1,1,1,2,2,1,1,1,2,2,3,3,1,2,3,4,3,4,3,2,1,1,2,3,4,6,2,2,1,9,1,1,3,NA,1,fujian,fuzhou,0,1,NA,NA,NA,20,30,1,NA,1,1,1,1,1,1,NA,26,NA,NA,,7,1,34,10,2,1,9,4,3,11,NA,NA,NA,NA,NA,NA,6,1,34,10,2,1,9,4,3,11,23.75,30,22.7,22,26.11573411
40,2,1485,CT3,470,1-16-17 23:50,139.205.198.207,1,1,-3,1,-3,-3,NA,NA,NA,NA,NA,NA,1,NA,NA,NA,NA,NA,NA,1,3,NA,NA,NA,NA,NA,NA,NA,5,2,1,1,1,1,2,2,1,1,2,2,2,2,3,2,1,2,2,2,2,1,2,1,1,2,1,2,1,2,3,10,9,5,1,10,3,2,4,NA,1,sichuan,mianyang,0,1,NA,NA,NA,30,35,1,NA,1,1,1,1,1,2,NA,30,NA,NA,,6,3,29,14,3,4,9,7,3,8,NA,NA,NA,NA,NA,NA,5,2,29,14,3,4,9,7,3,8,72.41666667,97,67.9,81,49.01645412
41,2,1486,CT3,392,1-17-17 0:03,119.34.237.204,2,-3,2,-3,-3,-3,NA,NA,NA,NA,NA,NA,4,NA,NA,NA,NA,NA,NA,4,3,NA,NA,NA,NA,NA,NA,NA,1,2,2,1,2,2,2,1,1,2,2,2,2,1,1,2,2,1,2,2,1,1,2,2,2,1,1,1,2,2,1,9,11,4,2,8,3,2,4,NA,0,guangdong,guangzhou,0,1,NA,NA,NA,10,10,1,NA,1,2,1,1,2,2,NA,6,NA,NA,,5,3,31,11,3,4,10,7,3,11,NA,NA,NA,NA,NA,NA,4,2,31,11,3,4,10,7,3,11,27.5,38,25,38,35.57013699
42,2,1487,CT3,462,1-17-17 0:17,58.20.50.217,2,-3,2,-3,-3,-3,NA,NA,NA,NA,NA,NA,3,NA,NA,NA,NA,NA,NA,2,3,NA,NA,NA,NA,NA,NA,NA,1,1,1,1,1,1,2,2,2,2,1,1,1,1,1,1,1,1,1,1,1,1,1,1,1,4,4,4,1,4,4,10,16,3,1,11,2,1,5,NA,1,hunan,changsha,0,1,NA,NA,NA,10,9,1,NA,1,1,1,1,1,6,NA,6,NA,NA,,7,3,32,20,4,4,12,8,4,12,NA,NA,NA,NA,NA,NA,6,2,32,20,4,4,12,8,4,12,111.6666667,128,120.1,107,52.99189984
43,2,1488,CT3,617,1-17-17 0:42,124.152.128.238,1,2,-3,-3,1,-3,NA,NA,NA,NA,NA,NA,1,NA,NA,NA,NA,NA,NA,2,2,NA,NA,NA,NA,NA,NA,NA,2,2,1,1,2,4,2,2,2,2,2,2,2,2,2,2,2,2,2,1,1,1,1,2,1,3,3,3,2,3,4,9,36,4,1,6,3,2,4,NA,0,gansu,lanzhou,0,1,NA,NA,NA,16,16,1,NA,1,1,1,1,1,3,NA,22,NA,NA,,6,3,26,16,4,4,11,6,3,9,NA,NA,NA,NA,NA,NA,5,2,26,16,4,4,11,6,3,9,39.04166667,62,41.8,27,49.60692507
44,2,1489,CT3,617,1-17-17 0:58,114.82.65.183,2,-3,1,-3,-3,2,NA,NA,NA,NA,NA,NA,2,NA,NA,NA,NA,NA,NA,2,1,NA,NA,NA,NA,NA,NA,NA,3,2,1,1,2,5,2,2,2,2,2,2,2,2,2,2,2,2,2,2,2,2,2,2,2,2,2,2,2,3,3,4,12,6,2,15,3,2,3,NA,1,shanghai,shanghai,0,1,NA,NA,NA,8,8,2,NA,-3,-3,-3,-3,-3,1,NA,10,NA,NA,,6,3,24,13,3,3,9,6,3,9,NA,NA,NA,NA,NA,NA,5,2,24,13,3,3,9,6,3,9,39.875,59,46.8,21,42.71523493
45,2,1490,CT3,434,1-17-17 1:08,75.71.250.126,2,-3,1,-3,-3,2,NA,NA,NA,NA,NA,NA,2,NA,NA,NA,NA,NA,NA,2,1,NA,NA,NA,NA,NA,NA,NA,1,1,1,1,1,1,3,3,2,2,1,2,2,1,1,2,1,1,1,1,1,1,2,3,1,2,1,3,2,4,4,5,9,3,2,8,1,1,4,NA,0,heilongjiang,haerbin,0,1,NA,NA,NA,15,25,1,NA,2,2,1,1,1,4,NA,10,NA,NA,,7,3,30,12,3,4,12,8,3,11,NA,NA,NA,NA,NA,NA,6,2,30,12,3,4,12,8,3,11,268.9583333,418,243.5,274,51.57972185
46,2,1491,CT3,539,1-17-17 1:37,113.92.71.94,1,1,-3,1,-3,-3,NA,NA,NA,NA,NA,NA,1,NA,NA,NA,NA,NA,NA,1,1,NA,NA,NA,NA,NA,NA,NA,1,1,1,1,3,5,3,3,3,2,2,2,2,2,3,2,4,4,1,1,1,2,4,4,2,3,4,4,3,4,4,9,27,3,2,11,3,1,4,NA,0,guangdong,shenzhen,0,1,NA,NA,NA,28,35,1,NA,2,1,1,1,1,1,NA,30,NA,NA,,7,3,22,14,1,3,12,2,3,8,NA,NA,NA,NA,NA,NA,6,2,22,14,1,3,12,2,3,8,27.20833333,34,25.8,24,26.8955879
47,2,1492,CT3,385,1-17-17 1:44,183.7.137.152,1,1,-3,1,-3,-3,NA,NA,NA,NA,NA,NA,1,NA,NA,NA,NA,NA,NA,1,1,NA,NA,NA,NA,NA,NA,NA,1,2,3,1,1,1,2,2,2,2,2,2,1,1,1,1,1,1,1,1,1,1,2,1,1,1,1,1,1,1,1,9,11,4,1,14,3,2,4,NA,1,guangdong,shantou,0,1,NA,NA,NA,24,30,2,NA,-3,-3,-3,-3,-3,5,NA,30,NA,NA,,4,3,31,13,3,4,12,8,4,12,NA,NA,NA,NA,NA,NA,4,2,31,13,3,4,12,8,4,12,22.625,25,23.2,20,29.66740787
48,2,1493,CT3,388,1-17-17 3:21,112.5.234.118,1,1,-3,1,-3,-3,NA,NA,NA,NA,NA,NA,2,NA,NA,NA,NA,NA,NA,1,1,NA,NA,NA,NA,NA,NA,NA,5,2,1,1,2,3,2,1,1,2,2,1,1,2,1,2,1,2,1,2,2,1,1,1,2,1,2,1,2,1,2,10,20,4,2,11,3,3,4,NA,1,fujian,nanping,0,1,NA,NA,NA,18,26,1,NA,1,2,1,2,1,2,NA,30,NA,NA,,6,3,26,14,4,4,10,7,3,11,NA,NA,NA,NA,NA,NA,5,2,26,14,4,4,10,7,3,11,20.58333333,30,22.5,15,22.46367099
49,2,1494,CT3,523,1-17-17 3:27,117.24.219.74,1,1,-3,1,-3,-3,NA,NA,NA,NA,NA,NA,1,NA,NA,NA,NA,NA,NA,1,4,NA,NA,NA,NA,NA,NA,NA,3,2,1,1,2,1,3,3,3,3,2,2,2,2,2,2,2,2,2,2,2,2,2,2,2,2,2,2,2,2,2,7,34,2,1,10,1,1,3,NA,1,fujian,quanzhou,0,1,NA,NA,NA,20,20,1,NA,1,1,1,1,1,1,NA,30,NA,NA,,6,3,24,13,3,3,9,6,3,9,NA,NA,NA,NA,NA,NA,5,2,24,13,3,3,9,6,3,9,21.54166667,40,19.4,15,26.27454837
50,2,1495,CT3,339,1-17-17 3:31,111.221.172.73,1,2,-3,-3,2,-3,NA,NA,NA,NA,NA,NA,2,NA,NA,NA,NA,NA,NA,1,2,NA,NA,NA,NA,NA,NA,NA,3,2,2,1,3,4,3,3,4,3,3,2,2,2,2,2,1,2,1,1,1,2,3,2,2,1,2,3,2,3,1,5,23,2,1,13,1,1,5,NA,1,guangdong,shenzhen,0,1,NA,NA,NA,30,30,1,NA,1,2,1,1,1,2,NA,18,NA,NA,,5,3,18,12,2,3,12,7,3,9,NA,NA,NA,NA,NA,NA,4,2,18,12,2,3,12,7,3,9,27.20833333,34,25.8,23,26.8955879
51,2,1496,CT3,309,1-17-17 3:51,223.74.128.238,2,-3,1,-3,-3,2,NA,NA,NA,NA,NA,NA,2,NA,NA,NA,NA,NA,NA,4,3,NA,NA,NA,NA,NA,NA,NA,4,2,2,1,3,1,2,2,2,2,2,2,2,2,2,2,2,2,2,2,2,2,2,2,2,2,2,2,2,2,2,6,2,3,1,15,1,1,3,NA,1,guangdong,guangzhou,0,1,NA,NA,NA,1,1,2,NA,-3,-3,-3,-3,-3,1,NA,10,NA,NA,,5,3,26,13,3,3,9,6,3,9,NA,NA,NA,NA,NA,NA,4,2,26,13,3,3,9,6,3,9,27.5,38,25,35,35.57013699
52,2,1497,CT3,649,1-17-17 5:17,106.226.155.130,2,-3,2,-3,-3,-3,NA,NA,NA,NA,NA,NA,4,NA,NA,NA,NA,NA,NA,2,2,NA,NA,NA,NA,NA,NA,NA,4,2,1,1,2,3,3,3,2,2,2,2,2,2,2,2,2,2,2,2,2,1,1,2,2,3,2,3,3,3,2,9,2,7,1,2,4,4,1,NA,1,jiangxi,shangrao,0,1,NA,NA,NA,5,8,1,NA,2,2,2,1,2,1,NA,6,NA,NA,,6,3,23,14,4,4,9,6,3,9,NA,NA,NA,NA,NA,NA,5,2,23,14,4,4,9,6,3,9,38.41666667,42,40.2,34,40.41850811
53,2,1498,CT3,693,1-17-17 5:23,223.74.123.158,1,1,-3,1,-3,-3,NA,NA,NA,NA,NA,NA,2,NA,NA,NA,NA,NA,NA,1,1,NA,NA,NA,NA,NA,NA,NA,2,2,1,1,2,3,2,2,2,2,2,2,2,2,2,2,2,2,1,1,1,1,2,1,1,3,3,2,2,3,4,9,9,4,1,15,3,2,3,NA,1,guangdong,shantou,0,1,NA,NA,NA,30,30,1,NA,1,1,1,1,1,3,NA,30,NA,NA,,6,3,27,17,3,4,12,6,3,9,NA,NA,NA,NA,NA,NA,5,2,27,17,3,4,12,6,3,9,22.625,25,23.2,22,29.66740787
54,2,1499,CT3,404,1-17-17 5:31,39.180.58.150,2,-3,1,-3,-3,2,NA,NA,NA,NA,NA,NA,3,NA,NA,NA,NA,NA,NA,2,2,NA,NA,NA,NA,NA,NA,NA,5,2,1,1,2,3,2,1,2,1,2,2,2,1,2,1,2,1,2,1,2,2,1,1,2,2,1,3,2,3,2,7,1,3,2,4,3,2,3,NA,0,anhui,wuhu,0,1,NA,NA,NA,8,8,1,NA,1,2,1,2,1,2,NA,10,NA,NA,,6,3,26,13,4,3,10,7,4,10,NA,NA,NA,NA,NA,NA,5,2,26,13,4,3,10,7,4,10,35.08333333,60,31.1,21,50.22858522
55,2,1500,CT3,390,1-17-17 5:45,1.89.156.139,1,2,-3,-3,2,-3,NA,NA,NA,NA,NA,NA,2,NA,NA,NA,NA,NA,NA,2,2,NA,NA,NA,NA,NA,NA,NA,1,1,1,1,1,1,2,2,1,1,1,1,1,1,1,1,2,2,1,1,1,1,1,1,1,3,3,3,1,3,1,7,16,5,1,12,3,2,4,NA,1,beijing,beijing,0,1,NA,NA,NA,16,20,2,NA,-3,-3,-3,-3,-3,6,NA,18,NA,NA,,7,3,34,18,4,4,12,6,4,12,NA,NA,NA,NA,NA,NA,6,2,34,18,4,4,12,6,4,12,132.9583333,163,135.7,123,74.82697328
56,2,1501,CT3,588,1-17-17 6:21,27.151.206.33,1,1,-3,2,-3,-3,NA,NA,NA,NA,NA,NA,3,NA,NA,NA,NA,NA,NA,1,3,NA,NA,NA,NA,NA,NA,NA,4,2,2,2,1,2,3,2,3,2,3,3,3,3,2,3,4,3,3,2,3,3,4,3,2,3,4,3,2,3,4,8,9,5,2,8,3,2,3,NA,0,fujian,quanzhou,0,1,NA,NA,NA,25,20,1,NA,2,1,2,1,2,1,NA,26,NA,NA,,5,1,24,14,1,2,7,3,2,7,NA,NA,NA,NA,NA,NA,4,1,24,14,1,2,7,3,2,7,21.54166667,40,19.4,16,26.27454837
57,2,1502,CT3,487,1-17-17 6:33,122.139.37.116,2,-3,1,-3,-3,2,NA,NA,NA,NA,NA,NA,2,NA,NA,NA,NA,NA,NA,1,1,NA,NA,NA,NA,NA,NA,NA,4,2,1,2,3,1,3,3,3,3,3,2,1,2,1,1,2,2,2,2,2,3,2,3,2,1,2,2,2,2,3,5,7,4,1,10,3,2,4,NA,0,jilin,changchun,0,1,NA,NA,NA,10,10,2,NA,-3,-3,-3,-3,-3,1,NA,10,NA,NA,,6,1,21,11,3,2,9,6,4,11,NA,NA,NA,NA,NA,NA,5,1,21,11,3,2,9,6,4,11,162.9583333,258,129,160,46.66832024
58,2,1503,CT3,713,1-17-17 6:46,119.103.138.163,1,1,-3,1,-3,-3,NA,NA,NA,NA,NA,NA,1,NA,NA,NA,NA,NA,NA,1,1,NA,NA,NA,NA,NA,NA,NA,2,2,1,1,2,4,3,3,2,2,1,1,1,2,2,1,2,2,1,1,1,2,3,2,2,3,2,3,2,2,3,8,15,4,2,9,3,3,4,NA,1,hubei,huangshi,0,1,NA,NA,NA,60,50,1,NA,1,1,1,1,1,3,NA,30,NA,NA,,6,3,25,15,2,3,12,6,4,10,NA,NA,NA,NA,NA,NA,5,2,25,15,2,3,12,6,4,10,77.375,105,80.8,58,55.88126705
59,2,1504,CT3,588,1-17-17 6:52,223.73.59.111,2,-3,2,-3,-3,-3,NA,NA,NA,NA,NA,NA,2,NA,NA,NA,NA,NA,NA,2,4,NA,NA,NA,NA,NA,NA,NA,2,2,1,1,2,3,2,2,2,2,1,2,2,2,2,2,3,3,2,2,2,2,3,2,2,2,3,2,2,3,3,3,9,3,2,14,1,1,5,NA,0,guangdong,guangzhou,0,1,NA,NA,NA,10,20,2,NA,-3,-3,-3,-3,-3,1,NA,6,NA,NA,,6,3,28,14,2,3,9,4,3,9,NA,NA,NA,NA,NA,NA,5,2,28,14,2,3,9,4,3,9,27.5,38,25,26,35.57013699
60,2,1505,CT3,709,1-17-17 7:00,223.104.1.183,2,-3,2,-3,-3,-3,NA,NA,NA,NA,NA,NA,2,NA,NA,NA,NA,NA,NA,2,2,NA,NA,NA,NA,NA,NA,NA,2,2,1,1,2,1,3,3,3,2,2,2,2,2,2,2,2,2,2,2,2,2,2,2,2,3,3,3,2,3,3,6,36,2,2,1,1,1,4,NA,1,guangdong,zhaoqing,0,1,NA,NA,NA,15,20,2,NA,-3,-3,-3,-3,-3,1,NA,6,NA,NA,,6,3,26,15,3,3,9,6,3,9,NA,NA,NA,NA,NA,NA,5,2,26,15,3,3,9,6,3,9,26.5,36,24.1,29,38.4140352
61,2,1506,CT3,475,1-17-17 7:02,58.40.248.219,1,1,-3,1,-3,-3,NA,NA,NA,NA,NA,NA,2,NA,NA,NA,NA,NA,NA,1,2,NA,NA,NA,NA,NA,NA,NA,5,2,2,1,2,3,1,2,1,2,1,2,1,2,3,2,1,2,1,1,2,2,2,1,2,1,2,1,2,2,3,8,12,5,1,11,3,2,3,NA,1,shanghai,shanghai,0,1,NA,NA,NA,30,25,1,NA,1,1,1,1,1,2,NA,30,NA,NA,,5,3,27,13,3,3,11,7,3,9,NA,NA,NA,NA,NA,NA,4,2,27,13,3,3,11,7,3,9,39.875,59,46.8,44,42.71523493
62,2,1507,CT3,424,1-17-17 7:06,222.246.81.251,2,-3,1,-3,-3,2,NA,NA,NA,NA,NA,NA,1,NA,NA,NA,NA,NA,NA,1,1,NA,NA,NA,NA,NA,NA,NA,1,2,1,1,1,1,1,1,1,1,1,1,1,1,1,1,2,1,1,1,1,1,2,1,1,1,1,1,1,1,1,10,24,4,1,14,3,2,4,NA,1,hunan,changsha,0,1,NA,NA,NA,20,10,2,NA,-3,-3,-3,-3,-3,5,NA,10,NA,NA,,6,3,36,14,3,4,12,7,4,12,NA,NA,NA,NA,NA,NA,5,2,36,14,3,4,12,7,4,12,111.6666667,128,120.1,112,52.99189984
63,2,1508,CT3,788,1-17-17 7:13,223.96.157.173,1,1,-3,1,-3,-3,NA,NA,NA,NA,NA,NA,2,NA,NA,NA,NA,NA,NA,1,1,NA,NA,NA,NA,NA,NA,NA,1,2,1,1,1,1,1,1,1,1,1,1,1,2,1,2,2,2,1,1,1,1,2,2,2,4,4,3,2,3,3,7,12,4,1,11,3,2,4,NA,0,shandong,jinan,0,1,NA,NA,NA,15,28,1,NA,1,1,1,1,1,6,NA,30,NA,NA,,6,3,36,18,3,4,12,6,3,11,NA,NA,NA,NA,NA,NA,5,2,36,18,3,4,12,6,3,11,116.375,164,89.5,114,75.99413099
64,2,1509,CT3,294,1-17-17 7:15,117.136.102.194,1,1,-3,2,-3,-3,NA,NA,NA,NA,NA,NA,4,NA,NA,NA,NA,NA,NA,3,2,NA,NA,NA,NA,NA,NA,NA,2,2,3,1,2,3,3,3,2,1,2,2,1,2,3,2,3,3,2,2,1,2,2,3,2,3,3,3,2,3,2,5,30,2,1,9,1,1,4,NA,0,anhui,huangshan,0,1,NA,NA,NA,200,300,1,NA,3,2,2,3,2,1,NA,26,NA,NA,,4,3,26,14,3,3,10,4,3,9,NA,NA,NA,NA,NA,NA,4,2,26,14,3,3,10,4,3,9,39,52,41.1,30,28.64394772
65,2,1510,CT3,654,1-17-17 7:18,114.93.34.6,1,1,-3,1,-3,-3,NA,NA,NA,NA,NA,NA,4,NA,NA,NA,NA,NA,NA,1,4,NA,NA,NA,NA,NA,NA,NA,3,2,2,1,3,4,2,2,2,2,2,2,2,2,2,2,2,2,2,2,2,2,2,2,2,2,2,2,2,2,2,6,5,7,1,12,3,2,4,NA,1,shanghai,minghang,0,1,NA,NA,NA,50,10,2,NA,-3,-3,-3,-3,-3,1,NA,30,NA,NA,,5,3,24,13,3,3,9,6,3,9,NA,NA,NA,NA,NA,NA,4,2,24,13,3,3,9,6,3,9,39.875,59,46.8,44,42.71523493
66,2,1511,CT3,506,1-17-17 7:24,39.190.49.60,2,-3,2,-3,-3,-3,NA,NA,NA,NA,NA,NA,4,NA,NA,NA,NA,NA,NA,2,3,NA,NA,NA,NA,NA,NA,NA,4,2,1,1,2,3,1,2,2,1,2,2,2,2,1,2,1,2,1,2,1,2,1,1,2,1,2,3,4,3,4,8,1,3,2,5,3,2,5,NA,0,anhui,hefei,0,1,NA,NA,NA,8,8,1,NA,1,1,1,1,1,2,NA,6,NA,NA,,6,3,27,13,4,3,11,7,3,10,NA,NA,NA,NA,NA,NA,5,2,27,13,4,3,11,7,3,10,49.79166667,84,44.5,45,56.08770483
67,2,1512,CT3,540,1-17-17 7:44,123.113.14.67,1,1,-3,1,-3,-3,NA,NA,NA,NA,NA,NA,2,NA,NA,NA,NA,NA,NA,1,2,NA,NA,NA,NA,NA,NA,NA,3,3,2,1,3,1,3,3,3,3,3,3,3,3,3,3,3,3,3,2,3,3,3,3,3,3,3,3,3,3,3,6,34,7,2,10,3,2,2,NA,1,beijing,beijing,0,1,NA,NA,NA,50,20,2,NA,-3,-3,-3,-3,-3,1,NA,30,NA,NA,,4,3,22,12,2,2,7,4,2,6,NA,NA,NA,NA,NA,NA,3,2,22,12,2,2,7,4,2,6,132.9583333,163,135.7,118,74.82697328
68,2,1513,CT3,378,1-17-17 7:48,60.221.148.211,1,1,-3,1,-3,-3,NA,NA,NA,NA,NA,NA,1,NA,NA,NA,NA,NA,NA,1,3,NA,NA,NA,NA,NA,NA,NA,3,2,1,1,2,1,2,2,2,2,2,2,1,2,2,1,1,1,2,1,2,1,2,2,1,1,1,2,2,1,2,7,14,5,2,12,3,2,4,NA,0,beijing,beijing,0,1,NA,NA,NA,30,30,1,NA,1,1,1,1,1,2,NA,30,NA,NA,,6,3,28,12,3,4,10,8,4,10,NA,NA,NA,NA,NA,NA,5,2,28,12,3,4,10,8,4,10,132.9583333,163,135.7,118,74.82697328
69,2,1514,CT3,923,1-17-17 8:08,124.77.161.244,2,-3,2,-3,-3,-3,NA,NA,NA,NA,NA,NA,4,NA,NA,NA,NA,NA,NA,2,4,NA,NA,NA,NA,NA,NA,NA,2,2,1,1,2,3,2,2,1,1,2,2,1,1,2,1,1,1,1,1,1,1,1,2,1,2,2,2,1,2,1,8,23,3,2,7,3,2,4,NA,1,shanghai,shanghai,0,1,NA,NA,NA,20,30,1,NA,1,1,2,1,1,2,NA,6,NA,NA,,6,3,29,14,4,4,12,8,4,11,NA,NA,NA,NA,NA,NA,5,2,29,14,4,4,12,8,4,11,39.875,59,46.8,51,42.71523493
70,2,1515,CT3,467,1-17-17 8:09,42.102.173.180,1,1,-3,2,-3,-3,NA,NA,NA,NA,NA,NA,1,NA,NA,NA,NA,NA,NA,1,3,NA,NA,NA,NA,NA,NA,NA,2,2,3,2,3,6,3,2,3,3,3,2,3,2,3,3,3,2,2,2,4,3,3,3,2,3,3,3,2,3,2,5,30,5,1,15,1,1,2,NA,1,heilongjiang,haerbin,0,1,NA,NA,NA,20,20,2,NA,-3,-3,-3,-3,-3,1,NA,26,NA,NA,,4,1,19,14,2,2,7,5,2,7,NA,NA,NA,NA,NA,NA,4,1,19,14,2,2,7,5,2,7,268.9583333,418,243.5,373,51.57972185
71,2,1516,CT3,796,1-17-17 8:14,124.113.227.239,1,2,-3,-3,2,-3,NA,NA,NA,NA,NA,NA,2,NA,NA,NA,NA,NA,NA,2,1,NA,NA,NA,NA,NA,NA,NA,2,2,3,1,3,5,3,3,2,2,2,2,2,2,2,1,4,4,1,1,2,2,2,2,2,1,3,3,3,4,3,4,12,4,1,2,3,2,4,NA,1,anhui,chuzhou,0,1,NA,NA,NA,18,20,2,NA,-3,-3,-3,-3,-3,3,NA,18,NA,NA,,4,3,22,13,3,3,11,2,4,9,NA,NA,NA,NA,NA,NA,4,2,22,13,3,3,11,2,4,9,50.91666667,91,54.9,35,57.39982449
72,2,1517,CT3,360,1-17-17 8:35,42.58.116.88,2,-3,2,-3,-3,-3,NA,NA,NA,NA,NA,NA,4,NA,NA,NA,NA,NA,NA,2,4,NA,NA,NA,NA,NA,NA,NA,1,1,1,1,1,1,2,2,1,1,1,1,1,2,1,1,1,1,1,3,1,1,1,1,1,4,4,4,3,4,4,8,12,3,2,8,2,1,4,NA,0,anhui,wuhu,0,1,NA,NA,NA,12,15,2,NA,-3,-3,-3,-3,-3,6,NA,6,NA,NA,,7,3,34,20,4,4,10,8,4,11,NA,NA,NA,NA,NA,NA,6,2,34,20,4,4,10,8,4,11,35.08333333,60,31.1,22,50.22858522
73,2,1518,CT3,838,1-17-17 9:02,219.130.222.98,1,2,-3,-3,2,-3,NA,NA,NA,NA,NA,NA,1,NA,NA,NA,NA,NA,NA,2,1,NA,NA,NA,NA,NA,NA,NA,1,1,1,1,1,1,3,3,3,3,1,3,2,1,2,1,2,2,2,2,2,1,3,3,2,3,3,2,2,2,3,3,7,4,2,10,3,2,4,NA,0,guangdong,guangzhou,0,1,NA,NA,NA,10,15,2,NA,-3,-3,-3,-3,-3,1,NA,18,NA,NA,,7,3,28,13,2,4,9,6,4,10,NA,NA,NA,NA,NA,NA,6,2,28,13,2,4,9,6,4,10,27.5,38,25,24,35.57013699
74,2,1519,CT3,2170,1-17-17 9:08,106.9.242.241,2,-3,1,-3,-3,2,NA,NA,NA,NA,NA,NA,2,NA,NA,NA,NA,NA,NA,2,2,NA,NA,NA,NA,NA,NA,NA,1,1,1,1,2,4,3,3,1,1,1,1,2,1,1,2,1,2,2,2,1,4,2,2,1,3,2,2,3,2,2,9,28,3,2,3,2,1,4,NA,0,hebei,hengshui,0,1,NA,NA,NA,10,12,1,NA,1,2,1,2,1,4,NA,10,NA,NA,,7,3,28,16,3,1,10,7,3,11,NA,NA,NA,NA,NA,NA,6,2,28,16,3,1,10,7,3,11,221.7083333,266,213.1,254,87.20257082
75,2,1520,CT3,610,1-17-17 9:08,114.238.134.91,1,1,-3,1,-3,-3,NA,NA,NA,NA,NA,NA,1,NA,NA,NA,NA,NA,NA,1,1,NA,NA,NA,NA,NA,NA,NA,2,1,2,1,2,1,2,3,2,2,1,1,1,2,1,2,2,1,2,1,2,1,1,1,1,4,4,3,2,4,3,10,31,4,1,10,3,2,4,NA,1,jiangsu,huaian,0,1,NA,NA,NA,35,15,1,NA,1,1,1,1,2,4,NA,30,NA,NA,,6,3,29,20,4,4,10,7,3,11,NA,NA,NA,NA,NA,NA,5,2,29,20,4,4,10,7,3,11,67.125,136,55.9,42,51.90670019
76,2,1521,CT3,436,1-17-17 9:13,113.106.110.82,2,-3,2,-3,-3,-3,NA,NA,NA,NA,NA,NA,2,NA,NA,NA,NA,NA,NA,3,4,NA,NA,NA,NA,NA,NA,NA,2,2,2,1,2,4,2,2,1,1,1,2,2,3,3,2,2,3,2,2,2,2,3,3,2,2,3,2,2,3,3,2,33,3,1,8,1,1,4,NA,0,shanghai,shanghai,0,1,NA,NA,NA,10,50,2,NA,-3,-3,-3,-3,-3,1,NA,6,NA,NA,,5,3,29,13,2,3,9,5,3,7,NA,NA,NA,NA,NA,NA,4,2,29,13,2,3,9,5,3,7,39.875,59,46.8,57,42.71523493
77,2,1522,CT3,439,1-17-17 9:18,61.173.176.216,1,1,-3,1,-3,-3,NA,NA,NA,NA,NA,NA,1,NA,NA,NA,NA,NA,NA,2,3,NA,NA,NA,NA,NA,NA,NA,1,1,1,1,1,1,1,1,1,1,1,1,1,1,1,1,1,1,1,1,1,1,1,1,1,1,1,1,1,1,1,10,31,3,1,11,3,2,5,NA,1,shanghai,shanghai,0,1,NA,NA,NA,40,40,1,NA,1,1,1,1,1,5,NA,30,NA,NA,,7,3,36,14,4,4,12,8,4,12,NA,NA,NA,NA,NA,NA,6,2,36,14,4,4,12,8,4,12,39.875,59,46.8,57,42.71523493
78,2,1523,CT3,905,1-17-17 9:18,60.29.132.66,1,1,-3,1,-3,-3,NA,NA,NA,NA,NA,NA,4,NA,NA,NA,NA,NA,NA,1,1,NA,NA,NA,NA,NA,NA,NA,5,2,2,2,2,1,1,2,1,1,1,2,2,1,2,2,1,1,1,2,2,1,1,1,2,1,1,1,2,2,1,11,30,3,2,6,3,2,4,NA,1,tianjin,tianjin,0,1,NA,NA,NA,25,20,1,NA,2,1,2,1,1,2,NA,30,NA,NA,,5,1,30,12,4,4,10,8,3,10,NA,NA,NA,NA,NA,NA,4,1,30,12,4,4,10,8,3,10,124.7916667,194,140.2,91,70.92888604
79,2,1524,CT3,1002,1-17-17 9:21,122.136.207.54,1,1,-3,1,-3,-3,NA,NA,NA,NA,NA,NA,1,NA,NA,NA,NA,NA,NA,1,1,NA,NA,NA,NA,NA,NA,NA,1,1,1,1,2,1,2,2,2,2,1,1,1,1,1,1,1,1,1,1,1,1,1,1,1,4,4,4,2,4,4,10,36,5,1,2,3,3,4,NA,1,jilin,yanbian,0,1,NA,NA,NA,20,25,1,NA,1,1,1,1,1,6,NA,30,NA,NA,,7,3,31,20,4,4,12,8,4,12,NA,NA,NA,NA,NA,NA,6,2,31,20,4,4,12,8,4,12,69.25,138,61.3,111,31.16553004
80,2,1525,CT3,401,1-17-17 9:24,60.16.13.130,2,-3,2,-3,-3,-3,NA,NA,NA,NA,NA,NA,3,NA,NA,NA,NA,NA,NA,2,4,NA,NA,NA,NA,NA,NA,NA,2,2,1,1,2,1,4,4,2,2,2,2,1,2,1,2,2,2,1,1,2,1,1,1,2,1,2,1,2,1,1,8,12,6,1,6,3,2,4,NA,1,liaoning,shenyang,0,1,NA,NA,NA,15,20,2,NA,-3,-3,-3,-3,-3,2,NA,6,NA,NA,,6,3,25,13,4,4,11,6,3,11,NA,NA,NA,NA,NA,NA,5,2,25,13,4,4,11,6,3,11,144.1666667,197,160,153,53.5558632
81,2,1526,CT3,639,1-17-17 9:27,61.178.55.156,1,1,-3,1,-3,-3,NA,NA,NA,NA,NA,NA,2,NA,NA,NA,NA,NA,NA,1,1,NA,NA,NA,NA,NA,NA,NA,2,2,1,1,2,5,2,2,2,2,2,2,1,1,1,1,1,1,1,1,1,1,1,1,1,1,1,2,2,2,3,9,12,4,1,10,3,2,5,NA,1,gansu,lanzhou,0,1,NA,NA,NA,30,24,2,NA,-3,-3,-3,-3,-3,4,NA,30,NA,NA,,6,3,25,13,4,4,12,8,4,12,NA,NA,NA,NA,NA,NA,5,2,25,13,4,4,12,8,4,12,39.04166667,62,41.8,38,49.60692507
82,2,1527,CT3,370,1-17-17 9:51,121.63.73.159,1,2,-3,-3,1,-3,NA,NA,NA,NA,NA,NA,2,NA,NA,NA,NA,NA,NA,2,4,NA,NA,NA,NA,NA,NA,NA,2,1,1,1,1,4,2,1,2,2,2,2,2,2,1,2,3,2,2,2,2,2,2,2,2,2,2,2,2,2,2,5,7,2,2,15,2,1,2,NA,0,hubei,yichang,0,1,NA,NA,NA,18,18,2,NA,-3,-3,-3,-3,-3,1,NA,22,NA,NA,,7,3,28,13,3,3,9,5,3,10,NA,NA,NA,NA,NA,NA,6,2,28,13,3,3,9,5,3,10,122.375,170,108.3,138,62.46408638
83,2,1528,CT3,469,1-17-17 9:52,58.210.97.54,1,2,-3,-3,1,-3,NA,NA,NA,NA,NA,NA,2,NA,NA,NA,NA,NA,NA,1,4,NA,NA,NA,NA,NA,NA,NA,1,3,2,1,2,2,3,2,2,1,1,2,1,1,2,3,3,3,2,2,2,1,1,2,2,2,1,1,1,2,2,8,7,4,2,3,3,3,2,NA,0,anhui,hefei,0,1,NA,NA,NA,1,1,2,NA,-3,-3,-3,-3,-3,2,NA,22,NA,NA,,4,3,30,12,4,4,9,4,2,11,NA,NA,NA,NA,NA,NA,3,2,30,12,4,4,9,4,2,11,49.79166667,84,44.5,41,56.08770483
84,2,1529,CT3,53764,1-17-17 9:56,103.218.216.85,1,2,-3,-3,2,-3,NA,NA,NA,NA,NA,NA,1,NA,NA,NA,NA,NA,NA,2,4,NA,NA,NA,NA,NA,NA,NA,4,2,2,1,2,3,2,2,1,2,2,2,2,1,2,2,2,2,2,1,2,2,1,2,2,1,2,2,3,2,2,9,12,3,1,10,3,2,5,NA,1,jiangsu,nanjing,0,1,NA,NA,NA,10,16,1,NA,2,1,2,2,1,2,NA,18,NA,NA,,5,3,26,12,4,3,10,6,3,10,NA,NA,NA,NA,NA,NA,4,2,26,12,4,3,10,6,3,10,40.91666667,91,38.7,27,45.94809053